order_id,customer_id,rep_id,order_date,status
1,6,3,2024-11-13,completed
2,79,1,2024-07-15,completed
3,37,3,2024-03-07,completed
4,5,7,2024-12-12,completed
5,86,6,2024-08-03,completed
6,76,2,2024-05-31,completed
7,56,7,2024-05-05,refunded
8,25,6,2024-03-08,completed
9,58,3,2024-11-30,completed
10,63,6,2024-05-31,completed
11,26,3,2025-03-03,completed
12,103,10,2025-01-16,completed
13,26,4,2024-05-31,completed
14,93,10,2025-07-14,completed
15,107,7,2025-04-19,refunded
16,34,5,2025-10-29,completed
17,68,4,2024-02-11,completed
18,105,9,2025-03-02,completed
19,110,4,2025-02-02,completed
20,43,4,2025-05-06,completed
21,54,3,2025-03-12,completed
22,70,9,2025-10-16,completed
23,100,5,2024-07-02,completed
24,46,2,2024-12-27,completed
25,21,3,2024-12-16,completed
26,110,7,2025-03-18,completed
27,30,8,2025-07-24,completed
28,74,6,2024-01-18,pending
29,18,2,2025-08-31,completed
30,64,9,2025-07-18,completed
31,40,9,2025-03-11,completed
32,86,3,2024-09-21,completed
33,68,6,2024-03-17,completed
34,92,2,2024-05-20,refunded
35,13,5,2024-12-07,completed
36,28,10,2024-03-21,completed
37,85,5,2024-04-12,refunded
38,12,6,2024-10-02,completed
39,62,1,2025-04-25,completed
40,24,10,2024-04-16,completed
41,94,3,2024-06-22,completed
42,102,4,2025-05-19,completed
43,79,7,2024-07-16,completed
44,37,5,2024-09-12,completed
45,83,10,2025-05-24,completed
46,25,5,2024-05-11,completed
47,92,1,2024-08-24,pending
48,51,3,2024-08-11,completed
49,27,2,2024-01-15,completed
50,42,7,2025-01-22,completed
51,25,4,2025-05-16,completed
52,21,1,2024-03-02,completed
53,36,3,2025-03-12,completed
54,89,5,2025-05-03,pending
55,100,4,2025-10-22,completed
56,67,5,2024-04-11,completed
57,37,5,2024-09-07,completed
58,3,6,2025-07-21,completed
59,40,7,2024-09-14,completed
60,80,4,2024-09-07,completed
61,30,7,2025-07-29,completed
62,18,4,2025-02-24,completed
63,88,9,2025-03-27,completed
64,5,5,2024-01-12,refunded
65,16,2,2024-09-13,completed
66,22,1,2025-05-16,completed
67,65,10,2024-08-22,refunded
68,90,3,2024-01-28,completed
69,23,3,2024-08-27,completed
70,38,8,2024-03-03,completed
71,93,4,2025-01-10,completed
72,1,3,2025-01-18,completed
73,28,2,2024-06-06,completed
74,69,10,2024-08-08,pending
75,26,7,2024-10-29,completed
76,110,2,2025-07-27,completed
77,30,3,2024-09-03,refunded
78,71,2,2024-12-13,completed
79,43,9,2024-05-19,completed
80,109,4,2024-05-23,completed
81,57,2,2025-03-08,completed
82,22,5,2024-12-11,completed
83,89,1,2024-02-01,completed
84,104,2,2025-03-25,completed
85,41,7,2025-11-19,completed
86,86,10,2025-07-06,completed
87,6,9,2025-03-21,completed
88,85,5,2024-09-08,completed
89,49,10,2024-05-05,completed
90,48,1,2025-01-09,completed
91,61,1,2025-02-20,completed
92,35,1,2024-05-05,completed
93,71,8,2025-05-25,refunded
94,83,2,2025-02-13,completed
95,87,5,2024-06-23,completed
96,97,3,2025-01-12,completed
97,38,7,2024-06-09,completed
98,44,9,2025-11-30,completed
99,49,5,2025-02-25,completed
100,90,9,2025-06-15,completed
101,89,6,2024-02-08,completed
102,27,4,2024-08-01,pending
103,51,4,2024-05-24,completed
104,77,8,2025-06-22,completed
105,26,4,2025-08-30,completed
106,83,6,2024-08-19,completed
107,60,9,2025-02-20,completed
108,27,1,2024-01-31,completed
109,89,7,2024-12-07,completed
110,48,10,2024-12-20,completed
111,78,2,2024-05-06,completed
112,68,8,2024-12-17,completed
113,21,4,2025-09-13,completed
114,43,6,2025-03-04,completed
115,107,6,2025-10-07,completed
116,67,2,2024-04-29,completed
117,78,2,2024-01-28,completed
118,46,1,2025-03-16,completed
119,81,8,2025-03-10,completed
120,96,1,2024-04-28,completed
121,44,5,2024-08-31,completed
122,83,6,2025-09-21,completed
123,48,8,2024-01-19,completed
124,75,2,2024-10-23,completed
125,75,3,2025-02-16,completed
126,50,10,2024-09-11,completed
127,99,9,2024-11-13,completed
128,108,4,2024-10-28,completed
129,51,2,2025-04-13,completed
130,96,4,2024-11-12,completed
131,67,3,2025-11-04,refunded
132,45,7,2025-11-10,completed
133,103,3,2025-02-19,completed
134,49,6,2025-02-20,completed
135,13,3,2024-07-13,completed
136,70,3,2024-09-03,completed
137,1,1,2025-11-14,completed
138,11,4,2025-09-18,completed
139,49,9,2024-02-27,completed
140,59,7,2024-06-30,completed
141,94,6,2024-08-13,completed
142,21,1,2025-04-04,refunded
143,63,8,2025-01-28,refunded
144,68,9,2024-09-26,completed
145,12,3,2024-11-17,completed
146,60,9,2024-03-22,completed
147,78,3,2024-01-01,completed
148,60,8,2025-07-13,completed
149,86,9,2024-10-30,completed
150,42,1,2024-05-24,completed
151,31,8,2024-07-28,completed
152,69,2,2024-05-25,refunded
153,106,10,2025-07-03,completed
154,67,7,2024-06-24,completed
155,106,9,2024-09-05,completed
156,30,10,2025-04-05,pending
157,70,7,2025-02-16,completed
158,90,1,2025-02-16,completed
159,19,2,2025-11-05,completed
160,12,7,2025-11-26,completed
161,73,3,2024-03-15,completed
162,73,7,2025-04-12,completed
163,56,10,2025-09-15,completed
164,5,6,2024-02-04,pending
165,38,3,2024-11-01,refunded
166,81,9,2025-06-03,completed
167,46,3,2024-08-28,refunded
168,49,2,2025-09-20,completed
169,64,3,2024-05-12,completed
170,1,7,2025-10-20,completed
171,85,6,2025-02-03,completed
172,36,9,2024-06-29,completed
173,76,7,2024-07-19,completed
174,107,4,2024-07-18,completed
175,22,5,2024-03-22,completed
176,50,3,2025-08-12,completed
177,29,9,2024-04-18,completed
178,109,9,2024-11-28,completed
179,40,10,2024-05-02,completed
180,77,8,2024-06-17,completed
181,51,5,2024-03-31,completed
182,80,4,2025-03-05,completed
183,58,6,2024-02-16,completed
184,100,6,2024-06-30,completed
185,8,10,2024-05-14,completed
186,17,4,2025-06-10,completed
187,8,6,2025-08-20,completed
188,44,5,2025-07-08,completed
189,104,7,2024-12-06,completed
190,20,5,2025-01-16,completed
191,106,2,2024-11-29,completed
192,42,6,2025-05-07,completed
193,13,5,2024-11-06,completed
194,82,8,2024-10-26,completed
195,95,3,2025-01-12,completed
196,91,9,2024-04-18,completed
197,19,1,2025-10-03,completed
198,95,1,2024-04-02,completed
199,22,8,2025-02-17,completed
200,101,3,2024-12-24,completed
201,20,10,2024-02-03,completed
202,85,9,2024-09-03,completed
203,9,8,2024-08-08,completed
204,23,3,2025-08-13,pending
205,55,6,2025-11-04,completed
206,71,9,2024-05-27,completed
207,110,9,2024-07-27,completed
208,29,3,2025-02-06,completed
209,33,10,2025-05-25,completed
210,78,10,2025-03-25,completed
211,43,4,2025-11-13,refunded
212,20,1,2025-11-22,completed
213,51,1,2025-07-15,completed
214,98,9,2025-05-15,completed
215,51,1,2024-02-11,completed
216,59,2,2024-12-21,completed
217,100,3,2025-10-20,completed
218,84,9,2024-07-16,completed
219,11,4,2025-08-30,completed
220,7,3,2024-06-04,completed
221,60,3,2024-02-24,completed
222,49,7,2024-04-17,completed
223,18,6,2025-11-08,completed
224,49,6,2024-08-01,completed
225,98,5,2024-06-29,completed
226,2,10,2025-11-11,completed
227,17,1,2025-08-28,completed
228,92,10,2025-09-02,completed
229,55,6,2025-07-16,completed
230,10,3,2024-01-27,completed
231,64,5,2024-03-02,completed
232,56,7,2025-08-27,completed
233,84,2,2024-12-16,completed
234,32,1,2024-05-07,completed
235,80,2,2025-01-14,completed
236,62,2,2024-05-20,completed
237,8,2,2025-06-10,completed
238,30,2,2025-04-05,completed
239,55,9,2024-02-13,completed
240,14,3,2025-08-29,completed
241,60,2,2024-07-19,completed
242,7,5,2025-01-04,pending
243,91,4,2024-01-26,completed
244,4,4,2024-05-03,completed
245,108,7,2025-02-07,completed
246,31,3,2025-05-01,completed
247,54,7,2024-04-12,completed
248,63,8,2024-05-07,refunded
249,84,5,2025-08-22,completed
250,1,6,2024-09-12,completed
251,6,5,2025-09-17,completed
252,106,8,2025-02-08,completed
253,78,9,2024-10-26,completed
254,74,5,2024-09-11,completed
255,95,9,2025-11-16,completed
256,106,5,2024-06-18,refunded
257,66,8,2025-07-07,completed
258,8,3,2025-11-07,completed
259,109,9,2024-03-26,completed
260,4,2,2025-07-13,refunded
261,46,9,2025-06-09,completed
262,2,9,2024-06-25,completed
263,6,7,2025-04-30,completed
264,49,10,2024-03-28,completed
265,77,7,2025-07-27,refunded
266,35,1,2025-08-25,completed
267,102,10,2025-03-09,completed
268,93,7,2024-12-28,completed
269,70,4,2024-09-28,refunded
270,2,3,2025-07-28,completed
271,70,3,2024-01-01,completed
272,90,9,2024-08-21,completed
273,74,2,2025-03-11,completed
274,10,4,2024-04-25,completed
275,92,7,2024-04-20,completed
276,72,9,2024-04-06,completed
277,36,5,2025-05-22,completed
278,41,1,2024-07-16,completed
279,97,8,2024-03-07,completed
280,70,1,2025-02-14,completed
281,35,7,2025-06-13,completed
282,80,3,2025-02-07,completed
283,71,8,2024-11-15,refunded
284,16,10,2024-05-18,completed
285,32,7,2024-02-15,completed
286,55,1,2024-08-20,completed
287,75,5,2024-12-01,completed
288,1,1,2024-01-26,completed
289,49,7,2025-11-29,completed
290,2,5,2024-11-18,completed
291,58,5,2024-11-22,pending
292,110,6,2024-09-21,completed
293,51,6,2025-09-10,completed
294,110,3,2024-05-01,completed
295,52,3,2024-11-19,completed
296,110,9,2024-09-14,completed
297,92,8,2025-07-26,completed
298,77,6,2025-03-30,refunded
299,18,7,2024-09-26,completed
300,95,8,2024-12-16,completed
301,48,5,2025-06-10,completed
302,42,5,2025-01-05,completed
303,37,8,2024-12-12,completed
304,20,8,2024-10-19,completed
305,63,3,2024-02-01,completed
306,78,7,2024-09-09,completed
307,93,9,2025-05-30,completed
308,110,2,2025-06-11,completed
309,36,5,2024-09-17,refunded
310,47,2,2025-05-01,completed
311,83,6,2024-09-03,completed
312,59,9,2025-06-08,completed
313,75,3,2025-05-05,completed
314,23,5,2024-05-15,refunded
315,73,2,2024-06-03,pending
316,74,9,2024-08-05,completed
317,2,3,2024-08-23,completed
318,89,9,2025-01-30,completed
319,71,2,2024-10-29,completed
320,84,4,2025-10-18,refunded
321,54,9,2025-10-18,completed
322,26,1,2025-04-13,completed
323,107,2,2024-12-05,completed
324,86,7,2025-03-08,completed
325,51,6,2024-11-02,completed
326,1,8,2025-07-08,completed
327,54,9,2024-07-26,completed
328,50,10,2025-04-15,completed
329,68,8,2025-09-21,completed
330,55,3,2025-01-06,completed
331,3,10,2024-08-30,completed
332,90,6,2025-04-10,completed
333,71,1,2025-08-08,completed
334,66,6,2024-04-30,completed
335,13,9,2025-11-20,completed
336,56,5,2024-06-30,completed
337,35,3,2024-04-17,completed
338,100,9,2024-05-09,completed
339,91,10,2024-01-19,refunded
340,52,4,2024-12-16,completed
341,28,3,2024-10-12,completed
342,12,8,2025-06-16,completed
343,31,2,2024-05-19,pending
344,102,6,2024-01-07,completed
345,83,1,2024-04-03,completed
346,12,6,2024-07-09,completed
347,105,8,2024-02-24,completed
348,10,7,2025-08-30,completed
349,33,2,2025-05-31,completed
350,76,9,2025-08-09,completed
351,80,9,2024-05-24,pending
352,99,2,2024-02-06,completed
353,100,9,2025-11-10,completed
354,28,6,2025-03-24,completed
355,8,7,2024-10-06,pending
356,39,9,2025-05-30,completed
357,18,9,2024-02-18,completed
358,36,1,2025-02-06,completed
359,73,3,2024-01-10,completed
360,86,10,2024-04-14,refunded
361,60,9,2025-02-01,completed
362,104,5,2025-03-31,completed
363,82,1,2025-02-19,completed
364,11,3,2024-07-05,completed
365,11,6,2024-04-23,completed
366,82,10,2024-12-13,completed
367,60,10,2025-07-17,completed
368,51,5,2025-11-24,completed
369,17,1,2024-08-07,completed
370,84,6,2025-09-22,completed
371,88,10,2024-12-14,completed
372,73,10,2024-01-14,completed
373,6,4,2025-05-05,completed
374,75,6,2024-08-18,completed
375,21,6,2024-01-12,completed
376,51,3,2024-10-19,completed
377,74,3,2024-08-12,completed
378,6,7,2025-11-24,completed
379,33,4,2024-01-15,completed
380,51,8,2024-08-13,completed
381,59,6,2025-07-30,completed
382,22,7,2024-02-17,completed
383,19,8,2025-01-13,completed
384,4,10,2024-05-09,completed
385,25,7,2024-06-21,completed
386,74,8,2024-01-05,completed
387,99,2,2025-05-30,completed
388,96,8,2025-04-26,completed
389,67,1,2024-02-21,completed
390,20,9,2025-08-18,completed
391,85,2,2025-06-10,completed
392,17,4,2024-05-18,completed
393,36,8,2024-10-12,completed
394,74,10,2024-07-19,completed
395,27,1,2024-10-10,refunded
396,57,8,2025-01-02,completed
397,6,3,2025-05-30,completed
398,88,1,2024-12-18,completed
399,51,10,2024-04-08,completed
400,21,10,2024-04-01,completed
401,49,10,2024-02-11,completed
402,32,9,2024-10-09,completed
403,63,1,2025-05-28,completed
404,20,2,2025-08-07,completed
405,57,7,2025-02-04,pending
406,83,10,2025-01-20,completed
407,56,2,2024-03-31,completed
408,107,6,2025-11-01,completed
409,95,8,2025-08-31,pending
410,82,4,2024-11-14,refunded
411,29,4,2025-07-27,completed
412,24,6,2025-11-13,completed
413,105,1,2024-09-03,completed
414,60,7,2025-07-31,completed
415,31,7,2025-01-14,completed
416,36,3,2024-03-21,completed
417,40,9,2024-03-30,completed
418,101,6,2025-08-12,completed
419,36,3,2024-09-02,completed
420,50,2,2024-10-19,completed
421,100,6,2024-11-12,completed
422,53,4,2025-11-04,completed
423,69,2,2025-05-22,refunded
424,58,2,2025-07-24,completed
425,56,9,2025-04-16,completed
426,68,7,2024-12-15,completed
427,17,10,2025-03-16,completed
428,36,1,2025-10-23,completed
429,84,9,2025-11-05,pending
430,62,3,2024-05-11,completed
431,55,1,2025-09-10,completed
432,68,2,2025-05-21,pending
433,26,7,2025-09-29,completed
434,83,3,2025-08-12,completed
435,31,3,2024-06-22,completed
436,110,8,2024-08-15,completed
437,12,9,2024-12-24,pending
438,78,8,2024-05-03,completed
439,2,8,2024-05-07,completed
440,29,9,2025-11-25,completed
441,69,5,2025-02-16,completed
442,89,3,2024-05-25,pending
443,38,5,2024-06-06,completed
444,8,7,2024-07-06,completed
445,103,4,2024-03-09,completed
446,51,8,2024-10-09,completed
447,110,9,2024-11-08,completed
448,52,1,2025-06-04,completed
449,102,8,2024-02-16,completed
450,93,5,2024-03-14,completed
451,93,7,2025-08-29,pending
452,62,1,2024-05-20,completed
453,80,8,2024-04-08,completed
454,10,4,2025-08-08,completed
455,10,3,2025-03-12,completed
456,44,10,2025-06-27,completed
457,12,7,2024-12-02,completed
458,30,2,2024-05-28,completed
459,108,1,2024-12-23,completed
460,18,7,2025-07-28,completed
461,74,8,2025-08-30,completed
462,89,1,2024-09-20,completed
463,32,6,2024-11-18,completed
464,57,2,2024-04-22,refunded
465,7,6,2025-08-30,completed
466,45,2,2024-06-14,completed
467,38,9,2025-09-27,completed
468,39,6,2024-09-25,completed
469,16,7,2025-08-06,refunded
470,58,5,2024-08-19,completed
471,29,1,2025-08-30,completed
472,14,1,2025-08-07,completed
473,62,1,2025-05-05,completed
474,103,10,2024-05-15,completed
475,39,5,2025-08-03,completed
476,7,1,2024-05-24,refunded
477,110,7,2024-12-30,completed
478,74,10,2024-08-11,refunded
479,51,7,2024-08-14,completed
480,24,4,2025-02-21,completed
481,59,5,2024-07-06,completed
482,85,8,2025-08-16,completed
483,104,2,2025-10-24,completed
484,27,6,2024-02-29,completed
485,51,6,2024-07-04,completed
486,102,4,2024-01-10,completed
487,27,1,2024-08-23,completed
488,9,2,2025-11-17,refunded
489,32,1,2024-06-26,completed
490,72,5,2025-05-14,completed
491,92,3,2024-02-17,completed
492,21,3,2024-10-26,completed
493,107,8,2025-10-19,completed
494,47,9,2024-08-20,completed
495,20,6,2025-09-05,completed
496,63,4,2025-10-04,completed
497,17,2,2024-03-29,pending
498,6,4,2024-12-20,pending
499,103,4,2025-09-04,completed
500,23,10,2024-11-21,completed
501,23,3,2024-05-25,refunded
502,47,5,2024-06-02,completed
503,89,9,2024-07-19,completed
504,108,9,2025-05-26,completed
505,48,10,2025-11-30,completed
506,33,10,2024-07-05,completed
507,30,5,2024-07-08,completed
508,54,2,2025-02-12,completed
509,18,1,2025-10-31,completed
510,10,6,2025-02-24,completed
511,56,4,2025-04-19,completed
512,6,7,2025-01-21,completed
513,93,2,2024-08-16,completed
514,74,9,2024-08-17,completed
515,109,3,2024-04-06,refunded
516,85,2,2025-01-16,completed
517,15,9,2024-11-30,completed
518,40,3,2025-11-20,completed
519,42,7,2025-10-15,completed
520,79,3,2025-03-22,completed
521,40,2,2024-02-16,completed
522,61,10,2025-04-02,completed
523,95,9,2024-01-21,completed
524,1,6,2024-07-20,completed
525,42,1,2024-11-30,completed
526,71,3,2025-03-03,completed
527,69,7,2024-06-16,completed
528,28,8,2025-02-21,refunded
529,81,9,2025-02-16,completed
530,25,3,2025-11-10,completed
531,87,9,2025-06-04,completed
532,94,2,2025-06-25,completed
533,64,7,2024-04-07,completed
534,99,2,2025-09-28,completed
535,110,9,2025-10-20,completed
536,106,3,2025-02-04,completed
537,27,5,2025-09-23,completed
538,35,7,2025-10-05,completed
539,53,7,2025-08-27,pending
540,1,9,2025-09-01,completed
541,66,4,2025-09-14,completed
542,67,6,2024-07-30,completed
543,100,10,2025-06-30,completed
544,42,3,2024-05-01,completed
545,18,8,2024-02-10,completed
546,67,2,2024-08-14,completed
547,86,9,2025-07-18,completed
548,101,6,2024-01-14,completed
549,98,7,2024-04-14,completed
550,72,5,2025-08-01,completed
551,84,2,2025-06-27,completed
552,7,4,2024-10-04,refunded
553,86,6,2025-03-08,completed
554,42,6,2025-09-17,completed
555,2,6,2024-08-29,completed
556,50,5,2025-07-08,completed
557,22,2,2024-08-25,completed
558,94,6,2024-08-11,completed
559,32,7,2024-05-10,completed
560,100,8,2024-08-30,refunded
561,99,5,2025-07-02,completed
562,71,6,2024-06-24,completed
563,52,2,2025-05-29,completed
564,68,1,2025-01-06,completed
565,59,5,2024-10-02,completed
566,94,5,2024-04-24,completed
567,109,10,2024-07-27,completed
568,25,2,2025-06-26,completed
569,26,4,2025-10-21,completed
570,69,3,2025-07-24,completed
571,2,5,2025-07-22,completed
572,53,6,2025-11-07,completed
573,55,8,2024-07-11,completed
574,9,5,2024-08-17,completed
575,79,10,2025-08-11,completed
576,7,9,2025-09-01,completed
577,91,2,2025-07-07,completed
578,100,9,2024-10-31,completed
579,45,9,2024-05-09,refunded
580,19,2,2025-03-27,completed
581,60,1,2024-12-02,completed
582,64,3,2025-06-19,pending
583,93,4,2025-10-15,completed
584,63,9,2024-03-22,completed
585,74,1,2025-01-14,completed
586,69,1,2025-04-20,pending
587,17,7,2024-01-21,completed
588,31,10,2024-03-22,completed
589,41,6,2024-05-04,completed
590,92,2,2024-02-13,completed
591,28,8,2024-07-30,completed
592,11,4,2024-12-23,completed
593,43,9,2024-11-25,pending
594,106,7,2024-09-02,completed
595,49,5,2024-09-09,completed
596,31,8,2025-05-12,completed
597,77,7,2025-10-27,completed
598,38,3,2025-06-17,completed
599,80,8,2024-11-27,completed
600,107,5,2024-02-13,pending
601,86,9,2025-07-13,completed
602,18,9,2024-04-14,completed
603,41,4,2024-01-23,completed
604,52,5,2025-11-06,completed
605,65,9,2024-10-11,refunded
606,109,8,2024-05-06,completed
607,72,2,2024-04-18,completed
608,64,4,2025-07-15,completed
609,58,1,2024-09-14,completed
610,15,6,2024-07-16,completed
611,6,5,2024-03-10,completed
612,84,6,2025-04-06,completed
613,9,1,2024-02-27,completed
614,83,2,2024-03-01,completed
615,60,1,2025-08-24,completed
616,48,2,2025-05-22,completed
617,107,4,2024-06-25,completed
618,25,5,2025-01-26,completed
619,7,8,2024-01-13,completed
620,51,7,2024-05-18,completed
621,61,10,2024-11-16,completed
622,18,6,2025-07-30,pending
623,79,8,2024-04-01,completed
624,21,2,2024-04-21,completed
625,16,1,2024-09-16,completed
626,104,2,2025-04-30,completed
627,38,3,2024-07-07,completed
628,19,6,2024-07-04,completed
629,95,8,2025-04-30,refunded
630,17,8,2025-02-22,completed
631,75,9,2024-12-25,completed
632,14,10,2025-11-14,completed
633,70,7,2024-10-19,completed
634,49,1,2024-01-10,completed
635,106,9,2024-03-31,pending
636,38,10,2025-08-03,completed
637,101,6,2024-08-23,completed
638,29,10,2025-06-24,completed
639,9,3,2024-07-23,completed
640,8,1,2024-01-19,completed
641,1,1,2025-06-12,completed
642,16,7,2024-01-03,completed
643,97,3,2024-08-28,completed
644,102,6,2024-11-03,completed
645,34,7,2024-09-07,completed
646,32,7,2024-05-01,refunded
647,11,6,2024-04-04,completed
648,3,4,2025-10-13,completed
649,27,6,2024-09-01,completed
650,56,8,2024-05-31,completed
651,18,5,2025-10-21,completed
652,84,4,2025-06-09,completed
653,45,9,2024-03-12,completed
654,40,3,2024-08-15,completed
655,18,9,2024-12-05,completed
656,81,3,2025-10-08,pending
657,60,10,2024-06-26,completed
658,72,4,2025-06-18,completed
659,93,3,2024-07-24,pending
660,17,1,2025-11-01,refunded
661,105,5,2024-11-15,completed
662,19,8,2025-03-05,pending
663,31,1,2025-01-09,completed
664,31,6,2025-07-25,pending
665,69,3,2024-06-16,refunded
666,86,3,2025-02-07,completed
667,91,7,2024-12-25,refunded
668,110,5,2025-09-30,completed
669,2,1,2025-02-26,pending
670,73,8,2024-11-04,pending
671,40,1,2024-11-10,completed
672,95,6,2024-06-16,completed
673,83,2,2024-05-06,completed
674,110,7,2024-08-27,completed
675,67,5,2025-08-23,completed
676,34,1,2024-12-21,completed
677,12,3,2025-01-14,completed
678,91,7,2024-02-22,completed
679,8,4,2024-06-16,completed
680,106,10,2025-09-29,completed
681,104,5,2024-02-03,refunded
682,14,8,2024-04-11,completed
683,97,1,2025-06-03,completed
684,16,2,2024-07-29,pending
685,61,3,2025-07-25,completed
686,15,7,2024-04-18,completed
687,17,4,2025-11-24,completed
688,6,8,2025-03-05,completed
689,103,5,2025-07-14,completed
690,33,5,2024-07-17,completed
691,106,2,2025-02-04,completed
692,50,8,2025-11-29,completed
693,89,2,2024-09-08,completed
694,39,3,2025-02-01,completed
695,37,4,2024-04-25,completed
696,9,4,2024-01-25,completed
697,104,2,2024-01-16,completed
698,10,7,2025-05-02,completed
699,12,2,2024-01-04,completed
700,54,5,2024-06-08,completed
701,70,2,2025-04-04,refunded
702,64,9,2024-04-10,completed
703,30,7,2024-01-20,completed
704,19,1,2025-01-01,completed
705,27,1,2025-05-27,completed
706,86,1,2024-08-09,completed
707,106,2,2024-11-04,completed
708,23,6,2024-09-22,completed
709,55,5,2024-05-19,completed
710,52,8,2025-03-03,completed
711,7,7,2025-11-18,completed
712,43,6,2024-08-28,completed
713,54,2,2024-12-01,completed
714,8,8,2025-05-27,completed
715,91,1,2024-09-04,completed
716,59,4,2024-07-03,completed
717,14,2,2024-03-17,completed
718,22,1,2024-10-28,completed
719,71,4,2024-02-03,completed
720,2,4,2025-08-21,completed
721,53,10,2025-07-16,completed
722,8,7,2025-07-13,completed
723,98,1,2024-08-09,completed
724,58,1,2024-12-16,completed
725,26,4,2024-07-08,completed
726,73,5,2025-03-30,completed
727,5,7,2024-11-28,completed
728,90,10,2024-08-12,completed
729,24,9,2024-03-30,completed
730,45,1,2024-11-01,pending
731,59,3,2025-07-20,completed
732,58,1,2025-06-01,completed
733,6,9,2024-01-11,completed
734,6,3,2024-07-09,completed
735,74,1,2025-08-21,completed
736,23,1,2024-06-20,completed
737,104,6,2025-10-29,completed
738,102,1,2024-08-19,completed
739,38,4,2025-02-07,refunded
740,97,5,2024-04-02,completed
741,97,10,2025-02-06,completed
742,64,7,2024-07-21,completed
743,24,10,2024-10-01,completed
744,17,3,2025-02-09,completed
745,93,7,2024-05-11,refunded
746,50,2,2024-05-25,completed
747,95,9,2024-10-02,completed
748,91,2,2024-03-05,completed
749,13,5,2024-08-02,completed
750,31,1,2025-06-13,completed
751,20,2,2025-05-28,completed
752,1,5,2025-07-09,completed
753,82,7,2025-08-11,completed
754,13,6,2025-09-24,refunded
755,36,1,2025-06-16,completed
756,18,7,2024-06-25,completed
757,40,4,2025-10-14,completed
758,24,6,2024-01-09,completed
759,58,3,2025-07-19,completed
760,32,5,2024-03-30,completed
761,22,8,2024-02-10,completed
762,9,8,2024-10-18,completed
763,10,1,2024-03-27,completed
764,21,5,2025-04-19,completed
765,3,9,2024-05-27,completed
766,36,7,2024-04-23,refunded
767,92,6,2024-01-11,completed
768,12,8,2025-03-11,completed
769,15,1,2025-10-20,refunded
770,92,2,2025-02-02,completed
771,61,7,2025-06-19,completed
772,55,2,2025-04-29,completed
773,80,10,2025-08-01,completed
774,40,5,2024-09-30,completed
775,106,7,2025-08-09,completed
776,38,9,2025-01-13,completed
777,56,5,2024-03-05,completed
778,65,6,2025-10-02,refunded
779,78,1,2024-02-03,completed
780,87,7,2024-02-21,completed
781,7,7,2025-01-19,completed
782,52,9,2024-03-09,completed
783,20,8,2025-05-01,refunded
784,6,8,2025-10-27,completed
785,5,4,2024-09-10,completed
786,105,7,2025-04-27,completed
787,95,3,2025-03-06,completed
788,28,9,2024-12-03,completed
789,97,4,2025-08-09,completed
790,109,6,2025-10-14,completed
791,18,3,2024-04-30,completed
792,55,2,2025-07-12,completed
793,98,3,2025-08-14,refunded
794,104,10,2025-08-18,completed
795,16,9,2024-06-06,completed
796,69,7,2024-11-11,completed
797,4,4,2025-08-28,completed
798,39,10,2024-01-20,completed
799,79,6,2025-07-05,completed
800,78,9,2024-06-15,pending
801,19,2,2025-04-22,completed
802,65,1,2025-01-30,completed
803,49,5,2025-08-17,refunded
804,58,1,2024-04-27,completed
805,7,4,2024-02-01,completed
806,21,7,2024-06-02,completed
807,19,9,2025-06-03,completed
808,54,9,2024-01-03,completed
809,22,8,2025-02-19,completed
810,18,1,2024-09-02,completed
811,28,6,2025-09-01,completed
812,11,3,2024-01-12,completed
813,53,10,2024-01-20,completed
814,2,3,2025-07-18,refunded
815,97,5,2024-09-05,completed
816,29,7,2024-09-18,completed
817,100,5,2025-11-26,completed
818,46,10,2025-04-07,pending
819,20,4,2024-05-10,completed
820,104,8,2025-09-10,completed
821,105,8,2025-11-13,refunded
822,68,7,2024-07-07,completed
823,75,7,2024-06-30,completed
824,42,9,2025-05-03,completed
825,39,2,2024-09-09,completed
826,105,4,2024-04-07,completed
827,2,1,2024-01-05,refunded
828,93,2,2024-11-08,completed
829,39,2,2024-01-18,completed
830,107,7,2024-10-31,completed
831,91,3,2024-02-26,completed
832,63,7,2025-03-14,completed
833,80,7,2024-05-08,refunded
834,69,3,2024-01-05,completed
835,13,9,2025-03-16,completed
836,33,2,2024-06-16,completed
837,85,10,2024-11-19,completed
838,64,8,2025-05-22,completed
839,29,7,2024-03-29,completed
840,96,10,2025-09-03,completed
841,6,4,2024-11-01,completed
842,64,7,2024-01-27,completed
843,42,2,2025-09-14,completed
844,76,6,2024-03-21,completed
845,1,6,2024-12-20,completed
846,107,8,2024-09-23,completed
847,1,1,2024-10-18,completed
848,40,2,2025-07-06,completed
849,101,9,2024-06-02,completed
850,49,7,2024-06-13,completed
851,48,9,2025-07-21,completed
852,51,6,2024-06-10,completed
853,93,4,2024-12-16,completed
854,60,5,2024-09-26,completed
855,6,9,2025-09-11,completed
856,87,2,2025-09-05,completed
857,11,2,2024-07-23,completed
858,43,9,2024-10-09,completed
859,103,7,2024-09-03,completed
860,84,7,2024-02-03,completed
861,61,8,2024-10-06,completed
862,26,2,2025-03-30,completed
863,102,8,2025-01-31,pending
864,90,10,2025-01-19,refunded
865,95,9,2024-11-04,completed
866,67,7,2024-02-19,completed
867,6,7,2025-02-09,completed
868,17,9,2025-10-18,completed
869,16,3,2024-03-01,completed
870,3,10,2024-09-25,completed
871,47,4,2024-04-24,completed
872,92,9,2025-03-16,completed
873,41,5,2025-07-24,pending
874,72,1,2025-10-07,completed
875,21,3,2025-09-03,completed
876,41,7,2025-01-24,completed
877,38,8,2025-10-17,completed
878,47,1,2024-03-13,completed
879,87,2,2025-03-09,completed
880,7,6,2025-06-23,completed
881,23,5,2024-11-05,completed
882,34,1,2025-01-19,pending
883,93,8,2024-05-06,completed
884,96,5,2025-02-18,completed
885,64,5,2025-10-04,completed
886,96,8,2025-04-30,completed
887,110,1,2025-10-19,completed
888,63,4,2024-08-10,completed
889,73,7,2024-10-23,completed
890,105,7,2025-04-16,completed
891,31,10,2024-06-12,completed
892,74,2,2024-09-14,completed
893,79,4,2024-08-21,completed
894,39,8,2025-11-06,completed
895,105,6,2024-03-27,completed
896,56,10,2025-09-15,completed
897,92,7,2024-10-18,pending
898,17,8,2025-04-05,completed
899,90,1,2025-02-11,completed
900,47,1,2024-08-31,completed
901,41,3,2025-09-30,completed
902,61,5,2024-02-24,completed
903,59,7,2024-05-21,completed
904,2,1,2024-09-07,completed
905,94,2,2024-10-16,completed
906,67,4,2025-08-24,completed
907,2,5,2025-09-03,completed
908,28,3,2024-05-14,completed
909,71,10,2025-06-30,completed
910,79,5,2025-07-29,refunded
911,10,3,2025-04-06,completed
912,39,3,2025-10-14,completed
913,68,9,2025-10-26,completed
914,90,2,2024-07-23,completed
915,4,6,2025-06-11,completed
916,26,7,2024-05-02,completed
917,11,7,2025-02-14,completed
918,46,6,2025-04-05,completed
919,64,6,2024-04-12,pending
920,1,1,2024-02-23,completed
921,10,7,2025-01-26,completed
922,9,9,2025-08-25,completed
923,55,1,2025-06-08,completed
924,53,4,2024-02-16,refunded
925,23,1,2024-12-06,completed
926,28,5,2025-11-15,completed
927,108,5,2024-12-10,pending
928,2,5,2024-11-21,refunded
929,42,8,2025-10-17,completed
930,107,9,2024-02-16,completed
931,12,6,2025-06-27,completed
932,108,1,2025-04-24,completed
933,61,5,2025-06-29,completed
934,88,9,2024-06-11,completed
935,104,5,2024-04-18,completed
936,4,6,2025-07-15,completed
937,27,2,2025-03-30,completed
938,24,10,2024-08-06,completed
939,104,9,2024-04-02,completed
940,106,6,2025-07-30,completed
941,31,3,2025-04-16,completed
942,65,10,2024-01-28,pending
943,91,7,2024-11-19,completed
944,10,8,2025-03-06,completed
945,96,4,2025-04-18,completed
946,75,5,2025-01-13,completed
947,27,9,2024-01-24,completed
948,11,3,2024-08-31,completed
949,81,10,2024-01-29,completed
950,66,3,2024-01-28,completed
951,76,3,2024-08-12,completed
952,36,9,2025-11-09,refunded
953,63,6,2025-04-16,completed
954,31,2,2024-06-23,completed
955,81,1,2025-11-28,completed
956,62,10,2025-09-09,completed
957,40,6,2025-06-05,completed
958,9,5,2025-05-09,pending
959,83,6,2024-02-20,completed
960,82,8,2025-04-06,completed
961,82,5,2025-10-04,completed
962,93,7,2024-11-01,completed
963,18,10,2024-11-22,completed
964,77,3,2025-11-09,completed
965,100,4,2024-02-08,completed
966,48,5,2025-10-19,completed
967,49,6,2024-03-11,completed
968,27,5,2024-10-25,completed
969,37,2,2025-10-04,completed
970,57,1,2024-12-10,completed
971,73,9,2024-03-14,completed
972,90,1,2025-08-27,completed
973,95,3,2025-08-28,completed
974,99,1,2024-06-04,completed
975,25,7,2025-01-21,completed
976,53,7,2024-03-20,completed
977,102,3,2024-05-16,completed
978,27,8,2025-03-09,completed
979,20,5,2024-10-09,completed
980,4,10,2024-06-17,completed
981,40,3,2025-01-20,completed
982,63,3,2025-01-23,completed
983,24,8,2025-03-25,completed
984,42,1,2024-07-02,completed
985,71,7,2025-05-07,completed
986,30,2,2024-09-15,refunded
987,107,4,2024-06-01,completed
988,59,9,2025-06-13,completed
989,2,10,2024-11-25,completed
990,7,1,2024-04-12,completed
991,33,4,2025-03-19,completed
992,59,2,2024-02-16,completed
993,83,9,2025-10-29,completed
994,104,2,2025-01-16,refunded
995,7,3,2024-07-18,completed
996,95,2,2024-04-08,completed
997,5,2,2024-11-18,completed
998,27,9,2024-05-24,completed
999,30,10,2024-05-13,completed
1000,84,1,2024-04-07,pending
1001,98,4,2024-09-19,completed
1002,30,3,2025-01-07,completed
1003,43,3,2024-08-09,completed
1004,66,7,2025-03-15,completed
1005,56,8,2025-10-13,completed
1006,80,8,2024-08-25,completed
1007,50,7,2025-01-14,completed
1008,98,7,2024-06-10,completed
1009,39,2,2024-09-29,completed
1010,37,8,2024-10-04,refunded
1011,98,10,2025-07-18,refunded
1012,64,10,2024-06-03,completed
1013,26,9,2024-08-17,completed
1014,96,7,2024-09-09,completed
1015,51,9,2024-05-30,completed
1016,11,2,2025-02-07,refunded
1017,3,8,2024-08-01,completed
1018,71,1,2025-07-23,refunded
1019,101,4,2025-08-29,completed
1020,108,5,2024-12-18,completed
1021,18,10,2025-08-25,completed
1022,109,2,2025-11-14,completed
1023,88,9,2024-08-17,completed
1024,14,3,2024-12-24,completed
1025,100,4,2025-08-04,completed
1026,29,4,2024-10-05,pending
1027,88,5,2025-06-30,completed
1028,56,8,2025-09-06,completed
1029,12,2,2025-02-14,completed
1030,20,9,2025-07-29,completed
1031,78,1,2024-09-09,completed
1032,65,6,2024-11-05,completed
1033,10,7,2024-03-03,completed
1034,13,4,2025-07-10,completed
1035,13,2,2025-05-22,completed
1036,18,5,2025-04-20,completed
1037,72,2,2024-10-23,completed
1038,63,2,2025-09-14,completed
1039,78,2,2024-09-01,completed
1040,64,5,2025-09-21,pending
1041,37,1,2024-03-18,completed
1042,43,1,2025-02-24,completed
1043,42,3,2025-11-02,completed
1044,63,2,2025-04-22,completed
1045,73,10,2024-08-14,pending
1046,76,6,2025-03-19,completed
1047,82,2,2025-04-11,completed
1048,2,8,2024-01-24,completed
1049,15,4,2024-01-06,pending
1050,82,7,2025-02-22,completed
1051,63,3,2025-07-03,completed
1052,18,4,2024-05-26,completed
1053,2,9,2024-10-11,completed
1054,1,5,2024-04-04,completed
1055,91,2,2024-09-09,completed
1056,41,8,2024-05-29,completed
1057,82,6,2025-05-16,completed
1058,31,1,2024-05-10,refunded
1059,39,2,2025-09-28,completed
1060,101,9,2024-04-07,refunded
1061,71,1,2024-06-28,completed
1062,64,9,2025-10-19,completed
1063,72,10,2024-04-28,completed
1064,93,8,2024-09-13,refunded
1065,105,6,2025-07-19,completed
1066,74,1,2025-03-05,completed
1067,49,2,2024-02-19,completed
1068,11,7,2024-11-21,completed
1069,46,4,2025-10-12,completed
1070,79,7,2024-10-29,completed
1071,33,3,2024-08-05,completed
1072,11,8,2024-05-09,completed
1073,69,6,2024-11-18,completed
1074,107,8,2025-07-30,completed
1075,22,6,2025-04-08,completed
1076,38,6,2024-07-04,refunded
1077,104,3,2025-06-21,completed
1078,107,3,2025-09-11,completed
1079,63,5,2024-06-09,completed
1080,60,9,2024-06-30,refunded
1081,27,8,2024-01-06,completed
1082,108,4,2025-08-23,completed
1083,100,6,2024-01-08,completed
1084,86,10,2024-02-19,completed
1085,29,8,2025-09-10,completed
1086,83,1,2024-07-07,completed
1087,49,5,2025-05-19,completed
1088,80,3,2024-08-20,completed
1089,60,9,2024-03-18,completed
1090,38,6,2024-07-19,completed
1091,58,8,2025-03-14,pending
1092,4,10,2024-06-12,completed
1093,80,1,2024-06-08,completed
1094,62,9,2025-11-27,refunded
1095,81,7,2024-07-28,completed
1096,70,6,2025-08-22,completed
1097,48,7,2024-08-13,refunded
1098,109,3,2025-09-12,completed
1099,96,4,2025-04-09,completed
1100,19,5,2025-03-23,completed
1101,63,9,2024-07-25,completed
1102,13,2,2024-10-08,completed
1103,21,7,2025-02-06,completed
1104,41,6,2024-08-13,pending
1105,97,7,2025-09-20,completed
1106,22,5,2025-08-14,completed
1107,1,7,2025-08-15,completed
1108,99,3,2025-04-03,completed
1109,100,4,2024-09-20,completed
1110,56,6,2024-01-05,completed
1111,110,1,2024-10-20,refunded
1112,27,4,2025-10-27,completed
1113,88,3,2024-09-05,completed
1114,9,7,2025-05-14,completed
1115,1,2,2024-03-09,pending
1116,35,3,2025-02-01,completed
1117,87,10,2025-01-25,completed
1118,27,7,2024-01-09,completed
1119,36,10,2024-02-23,completed
1120,73,4,2025-01-18,completed
1121,43,5,2025-02-04,completed
1122,33,2,2024-03-03,completed
1123,44,2,2024-08-06,completed
1124,40,8,2024-11-23,completed
1125,80,1,2024-04-15,refunded
1126,71,5,2024-02-06,completed
1127,102,2,2025-02-18,refunded
1128,14,6,2025-06-12,refunded
1129,75,9,2024-07-25,completed
1130,93,6,2024-01-29,completed
1131,83,9,2024-03-09,completed
1132,32,10,2025-11-02,completed
1133,85,3,2024-04-06,completed
1134,55,9,2025-05-11,completed
1135,101,9,2024-12-15,completed
1136,82,6,2024-03-03,completed
1137,31,1,2025-07-11,completed
1138,93,1,2025-10-16,completed
1139,59,2,2024-05-03,completed
1140,50,4,2024-01-02,completed
1141,11,3,2024-03-15,completed
1142,87,5,2025-05-15,completed
1143,109,8,2025-04-25,completed
1144,99,7,2025-02-16,completed
1145,3,1,2025-09-21,completed
1146,49,6,2024-07-19,completed
1147,10,5,2024-09-06,pending
1148,47,5,2025-05-04,completed
1149,96,2,2024-02-14,completed
1150,5,3,2025-02-14,completed
1151,59,9,2024-07-27,completed
1152,37,10,2025-02-16,completed
1153,32,9,2025-02-27,pending
1154,105,7,2025-03-09,completed
1155,110,10,2024-06-19,pending
1156,70,7,2025-11-11,completed
1157,99,6,2024-10-13,completed
1158,94,1,2025-10-22,completed
1159,49,10,2024-07-24,completed
1160,93,1,2025-08-26,completed
1161,15,1,2024-11-13,completed
1162,83,4,2024-12-09,completed
1163,95,4,2024-02-20,refunded
1164,32,7,2025-02-07,completed
1165,18,7,2025-06-16,completed
1166,10,2,2024-02-07,pending
1167,26,10,2025-04-03,completed
1168,86,7,2025-09-12,completed
1169,66,8,2025-05-05,completed
1170,70,9,2025-11-11,completed
1171,84,7,2025-10-17,completed
1172,66,9,2024-01-12,completed
1173,105,6,2024-06-22,completed
1174,75,10,2024-09-04,completed
1175,44,10,2025-05-03,completed
1176,38,1,2025-07-16,completed
1177,99,8,2024-04-21,refunded
1178,45,2,2025-07-01,completed
1179,68,7,2024-02-10,completed
1180,91,3,2025-06-19,refunded
1181,26,1,2024-05-06,completed
1182,65,7,2025-10-02,completed
1183,24,3,2024-08-20,completed
1184,82,4,2024-01-21,refunded
1185,58,6,2024-09-01,completed
1186,98,5,2024-11-08,completed
1187,64,4,2025-01-05,completed
1188,49,7,2025-07-16,pending
1189,84,9,2025-03-15,completed
1190,20,1,2025-11-09,completed
1191,53,10,2025-07-28,completed
1192,5,6,2024-01-25,completed
1193,35,7,2025-04-19,completed
1194,26,5,2024-06-25,refunded
1195,30,8,2024-05-25,completed
1196,54,3,2024-12-09,completed
1197,90,1,2024-11-03,pending
1198,13,5,2024-08-02,completed
1199,77,5,2025-12-01,completed
1200,11,2,2024-04-24,completed
1201,59,5,2024-06-01,completed
1202,29,9,2024-07-16,completed
1203,6,10,2025-10-02,completed
1204,86,5,2024-12-18,completed
1205,24,9,2024-04-20,completed
1206,13,3,2024-03-29,completed
1207,4,9,2024-09-20,completed
1208,78,7,2024-09-03,completed
1209,8,5,2024-12-09,completed
1210,23,4,2024-10-14,completed
1211,45,2,2025-11-04,completed
1212,105,4,2025-02-14,completed
1213,23,4,2024-04-19,completed
1214,49,8,2024-07-08,completed
1215,43,5,2025-08-27,completed
1216,32,7,2025-09-21,completed
1217,84,3,2025-11-11,pending
1218,75,2,2025-11-20,refunded
1219,28,3,2025-06-05,completed
1220,105,10,2024-06-08,completed
1221,57,4,2025-11-26,completed
1222,83,5,2024-12-20,completed
1223,8,5,2024-10-07,completed
1224,17,7,2025-06-17,completed
1225,52,8,2025-02-10,completed
1226,78,4,2024-10-06,completed
1227,65,2,2024-02-15,completed
1228,7,6,2024-04-12,completed
1229,20,1,2024-04-10,completed
1230,99,9,2024-07-20,completed
1231,16,7,2024-08-15,completed
1232,73,2,2025-10-26,refunded
1233,24,1,2024-02-13,completed
1234,61,1,2025-04-12,completed
1235,102,9,2025-09-13,completed
1236,48,2,2024-04-22,refunded
1237,47,5,2025-01-07,completed
1238,24,8,2025-03-14,completed
1239,97,9,2025-05-27,completed
1240,14,3,2025-02-15,completed
1241,59,2,2024-07-19,completed
1242,9,5,2024-10-31,completed
1243,10,8,2025-03-02,completed
1244,66,4,2024-04-25,completed
1245,49,9,2025-08-01,completed
1246,70,4,2025-05-13,completed
1247,74,3,2024-05-28,completed
1248,8,7,2024-12-03,completed
1249,75,2,2024-03-24,completed
1250,62,2,2025-06-15,completed
1251,90,10,2025-02-14,completed
1252,77,1,2024-11-19,completed
1253,36,9,2025-02-23,completed
1254,64,4,2025-10-09,completed
1255,22,10,2025-04-17,pending
1256,54,10,2024-11-08,completed
1257,74,4,2025-06-22,completed
1258,22,1,2024-04-26,completed
1259,55,8,2024-12-22,completed
1260,54,2,2024-09-04,completed
1261,107,1,2024-09-05,completed
1262,100,6,2025-05-30,completed
1263,81,3,2024-05-28,refunded
1264,72,2,2025-10-06,completed
1265,25,7,2024-02-08,completed
1266,33,6,2024-08-27,completed
1267,85,6,2025-09-28,completed
1268,14,8,2025-05-10,completed
1269,66,2,2024-03-09,completed
1270,4,8,2024-05-19,completed
1271,17,3,2025-10-23,completed
1272,24,4,2025-03-20,completed
1273,13,5,2024-10-24,completed
1274,104,6,2024-01-08,completed
1275,95,9,2025-03-12,completed
1276,40,8,2024-12-25,completed
1277,5,6,2024-11-14,completed
1278,82,10,2024-02-27,completed
1279,83,4,2024-11-21,completed
1280,62,7,2025-01-25,completed
1281,73,5,2024-04-05,completed
1282,17,5,2025-10-31,completed
1283,87,3,2025-06-08,completed
1284,33,4,2025-04-28,completed
1285,37,4,2025-07-29,completed
1286,35,4,2024-12-14,completed
1287,98,9,2025-10-10,refunded
1288,55,5,2024-11-30,completed
1289,43,1,2024-09-21,completed
1290,18,9,2025-06-04,refunded
1291,67,7,2025-03-16,completed
1292,110,7,2025-08-21,completed
1293,34,8,2024-04-15,completed
1294,70,9,2025-03-08,refunded
1295,85,5,2024-09-24,completed
1296,79,7,2025-08-12,completed
1297,98,1,2025-10-23,completed
1298,106,5,2024-07-01,completed
1299,109,3,2024-12-04,completed
1300,97,7,2024-11-04,completed
1301,67,5,2025-08-09,completed
1302,3,2,2024-01-23,completed
1303,43,2,2025-09-17,completed
1304,48,3,2025-05-16,completed
1305,25,7,2024-08-08,completed
1306,30,2,2025-07-04,completed
1307,87,7,2024-03-31,completed
1308,108,2,2025-04-02,completed
1309,50,4,2025-02-05,completed
1310,99,6,2025-09-19,completed
1311,58,8,2024-09-16,completed
1312,50,8,2025-03-05,completed
1313,60,6,2024-03-23,completed
1314,84,4,2024-03-01,completed
1315,92,1,2025-08-07,completed
1316,51,6,2025-06-02,completed
1317,47,4,2024-12-16,pending
1318,81,1,2024-02-07,completed
1319,8,4,2024-11-11,completed
1320,11,2,2025-07-14,completed
1321,40,5,2025-04-26,completed
1322,63,1,2024-10-14,completed
1323,48,7,2024-12-17,pending
1324,30,4,2024-01-04,completed
1325,41,5,2025-05-07,completed
1326,12,9,2025-02-01,completed
1327,76,2,2024-09-16,completed
1328,1,4,2024-12-01,completed
1329,62,4,2024-12-31,pending
1330,27,6,2024-03-19,completed
1331,48,4,2024-09-30,refunded
1332,89,2,2025-05-15,completed
1333,22,9,2025-01-19,completed
1334,45,10,2024-07-01,completed
1335,69,10,2024-04-03,completed
1336,69,2,2024-09-21,completed
1337,21,2,2025-09-14,completed
1338,61,4,2024-10-29,completed
1339,12,4,2024-09-12,completed
1340,5,4,2024-03-01,completed
1341,92,2,2024-02-18,completed
1342,31,5,2024-11-29,pending
1343,53,10,2025-09-04,completed
1344,80,2,2024-01-24,completed
1345,89,10,2024-04-05,completed
1346,103,2,2025-02-18,completed
1347,84,7,2025-09-25,completed
1348,1,1,2024-12-19,completed
1349,71,8,2024-02-20,completed
1350,85,8,2024-09-30,completed
1351,45,2,2024-10-29,completed
1352,103,1,2024-05-30,refunded
1353,2,7,2025-01-02,completed
1354,11,9,2025-08-21,completed
1355,56,3,2024-08-13,completed
1356,85,1,2025-03-02,completed
1357,25,9,2025-01-26,completed
1358,79,1,2024-08-07,completed
1359,76,6,2024-09-08,completed
1360,94,1,2025-01-05,completed
1361,28,1,2025-07-31,completed
1362,2,9,2024-09-18,completed
1363,68,3,2025-07-03,refunded
1364,32,6,2024-08-02,completed
1365,82,8,2025-05-29,completed
1366,61,6,2024-05-30,completed
1367,77,3,2025-05-30,completed
1368,82,5,2025-06-23,completed
1369,108,2,2025-09-23,completed
1370,99,6,2025-10-18,completed
1371,68,10,2025-03-13,completed
1372,27,6,2025-05-31,completed
1373,101,4,2024-02-08,completed
1374,68,5,2025-07-08,completed
1375,49,7,2025-07-20,completed
1376,2,4,2024-07-20,refunded
1377,29,8,2024-09-04,completed
1378,3,6,2024-09-07,completed
1379,18,1,2025-10-06,completed
1380,77,3,2025-06-27,completed
1381,22,2,2024-12-31,pending
1382,44,6,2025-07-16,completed
1383,28,10,2025-01-14,completed
1384,107,6,2024-03-25,completed
1385,62,6,2025-01-14,completed
1386,27,2,2025-03-15,refunded
1387,61,5,2025-03-26,completed
1388,42,5,2025-09-19,completed
1389,61,8,2024-04-14,completed
1390,52,4,2024-11-01,completed
1391,85,1,2024-04-22,completed
1392,34,4,2025-11-10,completed
1393,65,6,2025-02-14,completed
1394,13,7,2025-06-30,completed
1395,69,6,2025-01-16,completed
1396,96,10,2024-11-04,completed
1397,101,9,2024-09-25,completed
1398,22,4,2024-08-06,completed
1399,33,7,2025-08-30,pending
1400,72,6,2024-11-23,completed
1401,37,6,2025-02-16,completed
1402,79,1,2025-11-05,completed
1403,50,8,2025-08-09,completed
1404,41,6,2025-11-27,completed
1405,104,4,2025-11-11,completed
1406,48,6,2025-06-23,completed
1407,59,3,2024-05-16,completed
1408,103,6,2024-04-19,completed
1409,25,1,2025-09-10,completed
1410,52,4,2024-11-17,completed
1411,7,8,2025-11-20,completed
1412,23,6,2024-07-04,refunded
1413,75,2,2024-03-31,completed
1414,81,3,2024-11-26,completed
1415,98,6,2025-04-07,pending
1416,36,5,2024-03-19,completed
1417,28,7,2025-04-05,completed
1418,8,4,2025-07-19,completed
1419,108,7,2025-06-09,completed
1420,11,5,2025-01-26,completed
1421,32,4,2024-09-05,completed
1422,24,8,2024-06-22,completed
1423,62,1,2025-08-09,completed
1424,95,10,2025-01-17,completed
1425,37,9,2025-06-20,completed
1426,29,3,2025-01-31,completed
1427,76,10,2024-03-26,completed
1428,5,10,2025-05-13,completed
1429,91,10,2025-04-06,completed
1430,48,9,2025-08-10,completed
1431,16,6,2024-09-09,completed
1432,52,1,2024-05-23,completed
1433,108,10,2024-08-25,completed
1434,53,6,2025-04-04,completed
1435,74,4,2024-12-19,completed
1436,20,9,2024-09-07,completed
1437,44,10,2025-04-09,completed
1438,58,1,2025-08-09,completed
1439,12,7,2024-09-16,completed
1440,50,9,2024-09-22,completed
1441,29,5,2024-11-28,refunded
1442,34,10,2025-03-06,completed
1443,36,9,2024-02-14,completed
1444,21,8,2024-02-22,completed
1445,7,8,2025-08-12,completed
1446,60,3,2025-06-08,completed
1447,88,1,2024-07-27,completed
1448,49,10,2025-09-03,completed
1449,59,8,2025-09-02,completed
1450,73,7,2024-05-27,completed
1451,57,4,2025-01-01,completed
1452,30,4,2025-12-01,refunded
1453,76,4,2024-09-15,completed
1454,107,7,2025-08-02,pending
1455,25,6,2025-03-24,completed
1456,62,1,2024-02-03,completed
1457,32,2,2024-04-29,pending
1458,47,6,2024-11-14,refunded
1459,57,7,2024-11-05,pending
1460,68,8,2025-07-11,completed
1461,16,4,2024-03-17,refunded
1462,92,6,2025-07-27,completed
1463,67,8,2024-07-26,completed
1464,104,5,2025-08-04,completed
1465,55,1,2024-08-28,completed
1466,42,2,2024-02-12,completed
1467,91,1,2024-03-25,completed
1468,64,10,2024-05-20,completed
1469,52,7,2024-05-14,completed
1470,58,5,2024-10-09,completed
1471,8,8,2025-07-01,refunded
1472,48,9,2025-05-20,completed
1473,7,2,2024-09-22,completed
1474,10,5,2025-11-10,completed
1475,13,6,2024-02-15,completed
1476,10,10,2024-05-13,completed
1477,91,3,2025-08-01,completed
1478,83,4,2025-05-03,completed
1479,104,2,2024-03-20,completed
1480,22,1,2025-04-22,completed
1481,75,7,2024-06-11,completed
1482,84,10,2025-04-26,completed
1483,97,5,2024-10-31,completed
1484,64,3,2025-09-10,pending
1485,87,1,2024-06-09,completed
1486,69,1,2025-10-18,completed
1487,7,10,2024-10-20,completed
1488,62,4,2025-05-04,completed
1489,34,10,2024-06-06,refunded
1490,77,2,2024-10-01,refunded
1491,43,3,2025-04-22,completed
1492,105,3,2025-02-09,completed
1493,43,7,2025-08-08,pending
1494,9,9,2024-09-29,completed
1495,103,5,2024-06-16,completed
1496,89,8,2025-05-03,completed
1497,77,1,2024-06-21,completed
1498,42,1,2024-02-13,completed
1499,82,1,2025-03-18,completed
1500,108,6,2024-11-21,completed
1501,83,4,2024-05-07,completed
1502,74,4,2025-09-28,completed
1503,41,4,2025-11-18,completed
1504,89,4,2024-12-08,completed
1505,62,4,2024-10-10,completed
1506,40,2,2024-07-02,completed
1507,30,6,2024-02-15,completed
1508,17,4,2024-05-15,completed
1509,47,6,2024-11-28,completed
1510,105,5,2024-12-15,completed
1511,80,3,2025-01-15,completed
1512,30,9,2024-02-06,refunded
1513,106,6,2024-01-22,completed
1514,79,8,2024-04-22,completed
1515,66,3,2024-10-11,completed
1516,96,7,2024-05-17,completed
1517,31,6,2024-05-14,completed
1518,10,6,2024-02-12,completed
1519,72,7,2025-05-27,completed
1520,65,1,2025-08-30,completed
1521,98,7,2024-04-08,completed
1522,77,4,2024-02-09,completed
1523,94,6,2024-03-31,completed
1524,76,7,2024-12-08,pending
1525,5,1,2025-05-05,refunded
1526,25,8,2024-08-03,completed
1527,99,7,2025-09-10,completed
1528,71,4,2025-02-25,completed
1529,62,5,2025-07-31,completed
1530,13,2,2025-03-11,completed
1531,65,1,2025-10-02,completed
1532,45,9,2024-12-20,completed
1533,102,4,2024-01-19,completed
1534,89,9,2025-05-07,completed
1535,71,8,2025-11-20,completed
1536,86,1,2024-05-21,pending
1537,38,10,2024-02-02,completed
1538,109,8,2025-02-15,completed
1539,13,7,2024-08-07,completed
1540,75,2,2024-10-25,completed
1541,63,5,2024-04-18,completed
1542,46,2,2025-06-18,completed
1543,1,3,2024-05-10,completed
1544,49,8,2025-04-07,completed
1545,11,6,2025-06-15,completed
1546,67,3,2025-06-03,refunded
1547,53,7,2025-03-17,completed
1548,75,3,2025-05-14,completed
1549,54,2,2024-11-30,completed
1550,21,5,2025-07-22,completed
1551,47,1,2024-08-19,refunded
1552,20,7,2025-11-26,completed
1553,78,4,2025-11-16,completed
1554,4,5,2025-04-10,refunded
1555,105,10,2025-09-22,completed
1556,72,9,2025-11-16,completed
1557,12,4,2024-03-12,completed
1558,2,6,2024-03-28,completed
1559,76,1,2024-11-13,completed
1560,1,10,2024-10-08,completed
1561,3,4,2024-04-17,completed
1562,59,6,2025-11-08,pending
1563,110,8,2024-09-28,completed
1564,96,10,2024-10-22,completed
1565,98,8,2024-12-25,completed
1566,63,7,2024-09-04,completed
1567,69,10,2025-02-19,completed
1568,5,7,2024-10-22,completed
1569,49,10,2025-06-15,completed
1570,104,2,2024-01-26,pending
1571,74,5,2025-09-01,completed
1572,10,8,2024-04-19,completed
1573,37,5,2024-03-29,refunded
1574,30,4,2025-11-12,completed
1575,14,8,2025-11-27,completed
1576,97,1,2024-11-14,completed
1577,93,7,2024-04-24,pending
1578,89,3,2024-10-06,completed
1579,49,6,2025-11-08,completed
1580,34,2,2024-09-04,completed
1581,5,7,2024-01-07,completed
1582,106,6,2025-04-18,completed
1583,18,6,2024-01-26,completed
1584,52,4,2025-08-29,completed
1585,77,4,2024-09-13,completed
1586,78,1,2024-12-03,completed
1587,86,2,2024-04-23,completed
1588,55,2,2025-03-01,completed
1589,1,1,2025-11-19,completed
1590,107,10,2025-10-01,completed
1591,68,2,2025-05-20,completed
1592,10,9,2025-07-14,completed
1593,68,7,2024-10-21,completed
1594,98,2,2025-10-04,completed
1595,81,10,2025-08-28,completed
1596,74,4,2025-11-05,completed
1597,14,3,2025-01-24,refunded
1598,109,10,2025-08-04,completed
1599,54,5,2024-09-21,completed
1600,10,5,2024-08-15,completed
1601,41,6,2025-08-31,completed
1602,100,8,2025-06-27,completed
1603,74,2,2024-06-04,completed
1604,23,7,2025-02-08,completed
1605,39,2,2025-07-02,completed
1606,99,4,2025-04-11,pending
1607,9,10,2025-10-20,completed
1608,87,4,2025-02-04,pending
1609,14,2,2024-06-13,completed
1610,6,6,2025-02-11,pending
1611,22,5,2025-10-14,completed
1612,22,8,2024-08-23,completed
1613,61,3,2024-01-07,completed
1614,88,3,2025-05-16,completed
1615,43,2,2025-12-01,completed
1616,5,9,2024-04-27,completed
1617,2,4,2025-03-04,completed
1618,91,4,2025-11-16,completed
1619,104,4,2025-08-11,completed
1620,16,7,2025-03-12,completed
1621,33,2,2024-01-20,completed
1622,101,6,2025-07-19,completed
1623,53,3,2025-06-12,completed
1624,1,6,2024-01-19,completed
1625,21,4,2024-06-15,completed
1626,108,9,2024-07-16,pending
1627,52,3,2024-12-14,completed
1628,15,6,2024-06-11,completed
1629,6,4,2024-03-25,pending
1630,103,9,2024-01-08,completed
1631,29,6,2024-12-02,pending
1632,73,7,2025-03-29,completed
1633,60,7,2024-05-26,completed
1634,73,6,2025-06-27,completed
1635,85,3,2024-07-04,completed
1636,1,9,2024-07-19,completed
1637,95,2,2024-09-09,completed
1638,28,9,2025-11-24,completed
1639,84,2,2025-07-13,completed
1640,92,10,2024-01-09,completed
1641,88,5,2024-11-13,completed
1642,75,3,2025-03-12,completed
1643,14,7,2024-02-01,refunded
1644,95,1,2025-04-18,completed
1645,86,9,2024-03-14,completed
1646,57,2,2025-04-22,completed
1647,66,9,2024-08-11,completed
1648,42,5,2024-01-14,completed
1649,71,6,2025-11-29,completed
1650,103,7,2024-11-18,completed
1651,34,10,2024-02-24,completed
1652,10,5,2025-03-10,completed
1653,45,8,2024-02-12,refunded
1654,61,5,2024-03-16,completed
1655,99,3,2024-04-20,completed
1656,87,1,2025-03-04,completed
1657,47,7,2024-10-30,completed
1658,104,6,2025-08-17,completed
1659,1,8,2025-05-25,completed
1660,74,10,2024-03-04,completed
1661,55,10,2024-01-18,completed
1662,44,1,2025-02-14,completed
1663,4,2,2024-12-14,completed
1664,109,4,2024-09-15,completed
1665,77,8,2024-06-16,refunded
1666,95,2,2025-09-02,completed
1667,21,3,2025-03-03,completed
1668,66,4,2025-10-30,completed
1669,72,6,2025-05-17,completed
1670,89,9,2024-01-27,pending
1671,34,7,2025-03-05,completed
1672,109,10,2025-03-02,completed
1673,57,3,2025-10-04,completed
1674,60,5,2025-04-25,completed
1675,41,8,2025-04-24,completed
1676,19,10,2025-06-10,completed
1677,18,9,2024-05-30,refunded
1678,16,8,2024-01-28,completed
1679,43,7,2025-02-11,completed
1680,89,7,2025-01-22,completed
1681,18,9,2025-01-04,completed
1682,78,2,2025-09-23,completed
1683,1,9,2025-02-13,completed
1684,6,8,2025-04-23,completed
1685,8,5,2024-08-19,completed
1686,38,7,2024-03-26,completed
1687,87,8,2024-02-22,completed
1688,86,5,2025-08-01,completed
1689,87,3,2025-09-26,refunded
1690,55,6,2025-09-01,completed
1691,8,5,2024-03-26,completed
1692,57,5,2024-02-10,refunded
1693,102,7,2025-02-08,completed
1694,64,2,2025-04-13,completed
1695,39,10,2025-02-04,completed
1696,76,10,2024-02-05,completed
1697,37,1,2025-11-21,completed
1698,24,5,2025-01-17,completed
1699,89,1,2025-06-14,completed
1700,87,7,2025-06-07,completed
1701,53,2,2025-05-27,completed
1702,84,5,2025-06-28,completed
1703,85,7,2024-09-28,completed
1704,67,8,2025-07-15,completed
1705,78,9,2024-10-13,completed
1706,93,9,2024-09-15,completed
1707,59,3,2025-05-26,completed
1708,103,3,2025-09-28,completed
1709,65,9,2025-10-26,completed
1710,98,5,2024-03-11,completed
1711,18,10,2024-08-06,completed
1712,56,3,2025-04-09,completed
1713,49,4,2025-06-12,completed
1714,108,9,2024-10-20,completed
1715,71,7,2024-05-19,completed
1716,54,6,2025-09-20,completed
1717,14,7,2024-02-05,completed
1718,7,4,2025-03-26,pending
1719,37,5,2025-04-12,completed
1720,10,4,2025-07-10,completed
1721,41,5,2024-12-21,completed
1722,91,5,2024-03-22,completed
1723,110,9,2025-11-27,completed
1724,75,1,2024-11-19,completed
1725,108,9,2024-10-20,completed
1726,6,4,2024-03-22,completed
1727,96,3,2024-01-18,completed
1728,50,3,2025-03-13,refunded
1729,4,4,2024-06-02,completed
1730,24,9,2024-08-21,completed
1731,23,4,2025-10-27,completed
1732,46,10,2025-04-26,completed
1733,71,6,2025-04-03,refunded
1734,101,5,2024-02-12,completed
1735,53,9,2025-09-10,completed
1736,14,2,2025-03-01,completed
1737,54,5,2025-02-13,completed
1738,36,9,2025-11-18,refunded
1739,23,10,2024-03-13,pending
1740,69,8,2025-03-24,completed
1741,5,8,2025-02-26,completed
1742,32,10,2025-06-07,completed
1743,64,2,2025-01-19,completed
1744,80,1,2024-11-24,refunded
1745,87,1,2024-04-29,completed
1746,42,7,2025-04-14,completed
1747,56,10,2025-01-11,completed
1748,73,6,2025-01-11,completed
1749,15,5,2025-06-10,completed
1750,89,6,2024-05-14,completed
1751,51,6,2024-04-08,completed
1752,38,5,2024-11-23,completed
1753,81,7,2025-09-29,refunded
1754,23,2,2024-06-21,completed
1755,30,5,2025-10-21,completed
1756,23,2,2025-07-18,refunded
1757,73,1,2024-01-28,completed
1758,53,1,2024-03-29,completed
1759,103,5,2024-08-26,completed
1760,60,7,2025-07-13,completed
1761,15,2,2024-06-03,completed
1762,11,4,2024-02-10,completed
1763,49,7,2024-11-05,completed
1764,74,10,2024-02-06,completed
1765,42,7,2025-07-29,completed
1766,98,7,2025-10-03,completed
1767,62,2,2024-01-12,completed
1768,102,8,2024-10-24,completed
1769,93,4,2024-06-11,completed
1770,4,8,2024-03-19,completed
1771,46,8,2024-06-04,completed
1772,84,1,2024-11-19,completed
1773,3,1,2024-12-19,completed
1774,99,4,2024-08-11,completed
1775,14,6,2025-06-19,completed
1776,36,1,2025-07-26,completed
1777,109,1,2025-02-19,completed
1778,77,1,2025-08-14,completed
1779,48,9,2024-12-11,completed
1780,54,1,2024-08-07,refunded
1781,72,4,2025-07-14,completed
1782,31,9,2024-01-18,completed
1783,67,5,2025-02-27,completed
1784,63,2,2024-05-13,completed
1785,22,10,2025-03-28,completed
1786,46,9,2024-11-05,completed
1787,100,5,2024-09-16,completed
1788,90,7,2024-03-11,completed
1789,12,9,2025-09-14,completed
1790,44,5,2025-01-23,pending
1791,65,5,2024-08-25,completed
1792,26,5,2025-11-23,completed
1793,2,4,2024-01-08,completed
1794,20,8,2024-06-02,pending
1795,50,9,2024-08-25,completed
1796,3,10,2024-07-17,completed
1797,5,9,2024-04-26,completed
1798,96,8,2025-04-19,completed
1799,77,6,2024-09-18,completed
1800,109,7,2024-05-13,completed
1801,96,2,2025-10-25,pending
1802,85,5,2024-11-22,completed
1803,71,4,2024-06-15,completed
1804,72,2,2024-05-08,completed
1805,110,5,2025-08-02,completed
1806,92,6,2024-06-02,completed
1807,69,8,2025-01-02,completed
1808,36,8,2025-04-28,completed
1809,72,3,2024-03-07,completed
1810,54,2,2024-03-18,completed
1811,98,10,2025-04-13,completed
1812,70,6,2024-07-08,completed
1813,72,2,2025-10-09,completed
1814,12,9,2024-02-01,completed
1815,75,1,2025-09-21,completed
1816,28,10,2025-10-24,pending
1817,25,8,2024-01-10,completed
1818,104,4,2025-05-14,completed
1819,97,10,2024-08-18,completed
1820,89,7,2025-05-18,completed
1821,104,6,2025-02-08,completed
1822,87,5,2024-04-01,completed
1823,62,10,2024-12-24,completed
1824,43,3,2024-06-01,completed
1825,45,3,2025-01-15,pending
1826,97,5,2024-02-10,completed
1827,44,3,2025-10-24,completed
1828,98,10,2025-08-30,pending
1829,52,7,2025-09-06,refunded
1830,28,5,2024-05-12,completed
1831,64,3,2024-07-09,completed
1832,92,8,2024-02-24,completed
1833,96,8,2024-01-12,completed
1834,81,9,2025-06-10,completed
1835,71,1,2024-10-02,completed
1836,3,7,2024-10-29,completed
1837,86,9,2024-08-15,completed
1838,27,3,2025-10-06,completed
1839,27,5,2024-05-15,completed
1840,78,8,2025-11-24,completed
1841,31,3,2024-04-06,completed
1842,43,1,2025-02-09,completed
1843,12,5,2025-08-04,completed
1844,68,6,2024-07-08,completed
1845,87,8,2024-10-29,completed
1846,26,9,2025-07-30,completed
1847,61,1,2025-06-09,completed
1848,95,2,2024-01-17,completed
1849,27,3,2024-06-23,refunded
1850,73,4,2025-09-04,pending
1851,71,9,2025-03-17,completed
1852,110,3,2025-02-27,completed
1853,56,1,2025-09-23,completed
1854,99,6,2025-10-15,refunded
1855,45,8,2024-09-09,completed
1856,57,9,2024-02-28,completed
1857,56,6,2024-03-30,completed
1858,105,5,2024-12-29,completed
1859,42,1,2024-06-02,completed
1860,33,9,2025-02-19,completed
1861,46,7,2024-02-02,completed
1862,38,7,2025-03-13,completed
1863,36,8,2025-03-16,completed
1864,11,3,2024-06-30,completed
1865,101,7,2025-05-29,completed
1866,101,5,2024-05-05,completed
1867,109,9,2025-03-01,completed
1868,22,10,2024-12-12,completed
1869,104,6,2025-04-21,completed
1870,8,7,2025-10-31,completed
1871,44,2,2025-08-12,completed
1872,65,7,2025-11-07,completed
1873,109,4,2024-06-15,completed
1874,20,10,2024-08-13,completed
1875,46,3,2024-05-18,completed
1876,61,8,2025-01-06,completed
1877,52,2,2024-03-10,completed
1878,30,1,2025-02-01,completed
1879,15,2,2025-07-21,completed
1880,86,3,2025-11-15,completed
1881,42,6,2025-08-20,completed
1882,77,7,2025-07-22,completed
1883,91,7,2025-10-10,completed
1884,19,1,2024-08-10,completed
1885,101,5,2024-04-15,refunded
1886,96,7,2024-02-13,completed
1887,33,1,2025-07-19,completed
1888,46,1,2025-02-17,completed
1889,44,7,2025-03-18,completed
1890,34,3,2025-09-14,pending
1891,86,10,2025-11-04,completed
1892,87,9,2024-10-21,completed
1893,64,3,2025-06-21,pending
1894,101,7,2024-05-12,completed
1895,2,4,2024-11-11,completed
1896,84,1,2024-05-07,completed
1897,106,8,2024-05-15,completed
1898,26,6,2024-06-04,completed
1899,58,3,2024-04-20,completed
1900,2,6,2024-08-21,completed
1901,66,5,2025-01-15,refunded
1902,107,10,2024-08-23,completed
1903,92,2,2024-01-07,completed
1904,102,5,2025-10-18,completed
1905,89,4,2025-11-28,completed
1906,15,7,2025-06-27,completed
1907,80,10,2025-11-28,refunded
1908,2,1,2025-11-28,completed
1909,60,9,2025-09-23,completed
1910,17,7,2024-08-06,completed
1911,38,3,2024-05-11,completed
1912,68,9,2024-07-10,completed
1913,71,9,2024-07-10,completed
1914,49,1,2025-06-29,completed
1915,27,2,2025-12-01,completed
1916,25,2,2025-01-15,completed
1917,84,1,2025-05-07,completed
1918,29,1,2025-10-12,completed
1919,36,5,2024-12-30,completed
1920,77,10,2025-05-05,completed
1921,30,4,2024-10-10,completed
1922,97,1,2024-07-29,completed
1923,95,9,2024-12-30,completed
1924,47,10,2025-08-27,completed
1925,37,10,2024-02-16,pending
1926,24,4,2025-09-08,completed
1927,38,8,2024-07-30,completed
1928,93,8,2024-09-18,completed
1929,50,7,2024-12-27,completed
1930,92,3,2024-06-14,completed
1931,75,4,2025-05-30,completed
1932,18,7,2024-09-24,completed
1933,93,6,2025-10-21,completed
1934,70,6,2024-08-25,completed
1935,67,5,2025-08-15,completed
1936,85,5,2025-03-19,completed
1937,50,4,2025-04-23,completed
1938,40,9,2024-08-18,completed
1939,95,9,2025-10-02,completed
1940,27,7,2024-07-17,refunded
1941,67,8,2025-05-02,completed
1942,27,5,2024-04-01,completed
1943,100,9,2024-01-25,pending
1944,78,10,2024-01-14,completed
1945,29,10,2024-04-18,completed
1946,24,4,2025-02-26,pending
1947,68,7,2024-04-09,completed
1948,68,1,2025-01-25,completed
1949,6,3,2024-07-17,completed
1950,73,8,2024-06-11,refunded
1951,26,3,2025-05-15,completed
1952,43,5,2025-11-25,completed
1953,44,7,2025-06-04,completed
1954,49,8,2025-08-28,completed
1955,64,1,2024-06-21,completed
1956,103,6,2025-08-31,completed
1957,34,10,2025-10-10,completed
1958,83,1,2025-10-15,completed
1959,57,8,2024-06-22,completed
1960,79,7,2024-11-18,completed
1961,71,1,2025-05-08,completed
1962,75,4,2024-07-10,completed
1963,77,7,2024-11-06,pending
1964,61,4,2025-04-14,completed
1965,23,5,2024-01-31,completed
1966,47,9,2024-08-23,completed
1967,35,7,2025-03-18,completed
1968,106,10,2025-09-26,completed
1969,19,1,2025-08-12,completed
1970,3,3,2025-10-05,completed
1971,15,10,2024-12-01,completed
1972,67,4,2024-08-29,completed
1973,34,5,2024-08-08,refunded
1974,86,3,2025-02-23,completed
1975,8,8,2024-03-28,completed
1976,24,4,2025-02-12,refunded
1977,60,5,2025-01-07,completed
1978,65,8,2024-01-10,completed
1979,9,1,2025-10-05,completed
1980,59,9,2024-07-28,completed
1981,30,5,2025-06-13,completed
1982,38,5,2025-09-27,completed
1983,16,8,2025-07-21,completed
1984,55,8,2025-06-15,completed
1985,28,1,2024-07-23,pending
1986,56,1,2024-12-16,completed
1987,47,3,2024-07-30,completed
1988,77,10,2025-02-15,completed
1989,46,7,2024-12-27,completed
1990,57,10,2025-10-20,completed
1991,21,1,2024-04-30,completed
1992,17,4,2024-03-21,completed
1993,17,1,2024-11-04,completed
1994,31,1,2024-12-20,completed
1995,58,4,2025-08-23,completed
1996,68,2,2025-01-18,completed
1997,18,7,2024-10-08,completed
1998,83,8,2025-03-04,completed
1999,76,1,2024-09-06,completed
2000,43,5,2024-09-25,completed
2001,95,2,2024-11-29,completed
2002,6,4,2024-12-06,completed
2003,66,2,2024-03-04,completed
2004,39,8,2025-04-07,completed
2005,66,8,2024-05-31,completed
2006,5,1,2025-05-20,completed
2007,89,7,2025-04-17,refunded
2008,17,4,2025-11-25,completed
2009,4,3,2025-04-06,completed
2010,63,3,2025-11-26,completed
2011,81,4,2024-10-09,completed
2012,37,6,2024-12-10,completed
2013,16,7,2025-07-25,pending
2014,54,9,2024-02-25,completed
2015,38,4,2024-03-22,completed
2016,92,10,2025-04-12,completed
2017,100,10,2025-11-29,pending
2018,68,10,2025-06-14,pending
2019,26,10,2024-03-21,completed
2020,7,1,2025-09-17,completed
2021,64,10,2024-02-13,completed
2022,72,8,2025-06-15,completed
2023,39,5,2025-04-05,completed
2024,30,5,2025-06-08,completed
2025,38,8,2024-10-11,completed
2026,98,8,2025-09-05,completed
2027,106,5,2024-10-06,completed
2028,40,5,2025-01-28,completed
2029,43,7,2025-02-17,completed
2030,20,7,2025-08-20,completed
2031,85,9,2024-07-05,completed
2032,72,8,2024-05-20,completed
2033,27,4,2025-05-12,completed
2034,39,9,2024-11-30,completed
2035,75,7,2024-11-29,completed
2036,46,6,2024-03-09,completed
2037,82,5,2025-09-08,completed
2038,56,6,2024-07-16,refunded
2039,88,9,2025-03-17,completed
2040,74,2,2025-08-08,pending
2041,29,6,2025-07-14,completed
2042,24,3,2025-07-30,completed
2043,17,4,2024-07-28,completed
2044,96,9,2025-09-22,pending
2045,35,6,2025-04-15,refunded
2046,3,3,2024-12-25,completed
2047,40,1,2025-10-04,completed
2048,77,3,2024-05-23,completed
2049,107,3,2024-02-14,completed
2050,37,4,2024-03-30,completed
2051,12,7,2024-12-30,completed
2052,33,8,2024-11-29,completed
2053,87,4,2025-02-18,completed
2054,96,7,2025-07-17,completed
2055,67,2,2025-01-27,completed
2056,74,4,2024-08-24,completed
2057,54,6,2025-04-29,completed
2058,23,7,2025-11-30,completed
2059,9,2,2024-11-26,completed
2060,7,10,2024-08-14,completed
2061,62,6,2024-11-05,completed
2062,105,9,2024-10-15,completed
2063,101,8,2024-01-11,completed
2064,22,9,2025-11-27,completed
2065,58,9,2025-01-18,completed
2066,78,8,2025-01-18,completed
2067,89,10,2024-09-01,completed
2068,45,6,2025-08-26,completed
2069,4,9,2025-09-08,completed
2070,106,3,2024-12-08,completed
2071,74,5,2025-02-05,completed
2072,83,6,2025-03-11,completed
2073,4,3,2025-10-08,completed
2074,56,9,2024-01-21,completed
2075,108,1,2025-08-24,completed
2076,7,4,2024-05-19,completed
2077,101,1,2024-03-27,completed
2078,43,7,2025-10-25,completed
2079,47,7,2025-07-30,completed
2080,27,6,2025-02-14,completed
2081,14,7,2025-04-23,completed
2082,15,8,2025-05-23,completed
2083,40,4,2025-07-03,completed
2084,26,1,2025-01-24,refunded
2085,54,10,2025-08-12,completed
2086,62,9,2024-08-09,completed
2087,23,7,2024-06-24,completed
2088,24,9,2024-06-10,completed
2089,30,10,2024-06-18,completed
2090,66,7,2024-12-09,refunded
2091,84,5,2025-03-25,completed
2092,62,8,2025-05-09,completed
2093,27,2,2024-05-08,completed
2094,32,9,2024-03-19,completed
2095,21,1,2025-09-25,completed
2096,76,6,2025-04-06,completed
2097,69,7,2025-04-16,pending
2098,100,10,2025-10-20,refunded
2099,110,8,2025-08-30,completed
2100,1,2,2025-06-21,completed
2101,27,9,2024-11-10,completed
2102,42,8,2024-02-08,completed
2103,37,3,2025-01-28,completed
2104,16,4,2024-12-15,completed
2105,97,8,2024-09-09,completed
2106,103,10,2024-12-14,completed
2107,74,9,2024-03-19,completed
2108,34,2,2024-06-30,completed
2109,44,7,2024-03-09,completed
2110,33,2,2025-06-25,completed
2111,51,6,2024-01-13,completed
2112,83,10,2024-04-11,completed
2113,23,3,2024-03-28,completed
2114,37,3,2025-08-07,completed
2115,28,9,2025-01-05,completed
2116,1,2,2024-06-15,completed
2117,39,1,2024-06-04,completed
2118,39,9,2024-03-16,completed
2119,85,7,2025-04-13,refunded
2120,25,3,2024-04-26,completed
2121,25,1,2025-06-13,completed
2122,107,9,2024-06-23,refunded
2123,94,3,2024-05-31,refunded
2124,32,3,2024-01-11,pending
2125,103,1,2025-04-03,completed
2126,80,4,2025-10-29,pending
2127,18,2,2024-02-10,completed
2128,90,1,2025-01-14,completed
2129,37,8,2024-05-20,completed
2130,56,9,2025-08-29,completed
2131,71,6,2024-07-08,completed
2132,74,4,2025-01-25,completed
2133,3,8,2024-02-10,completed
2134,67,10,2025-09-08,completed
2135,76,3,2025-11-21,completed
2136,93,1,2024-12-20,completed
2137,37,10,2025-09-16,completed
2138,31,9,2024-01-12,completed
2139,36,3,2024-06-15,refunded
2140,42,10,2024-03-09,completed
2141,85,6,2024-04-22,refunded
2142,53,8,2024-11-12,completed
2143,94,10,2024-01-11,refunded
2144,19,3,2024-08-30,completed
2145,15,3,2025-06-12,completed
2146,40,8,2025-11-29,completed
2147,75,7,2024-09-07,completed
2148,69,9,2025-02-16,completed
2149,34,1,2024-01-28,completed
2150,91,7,2024-10-31,completed
2151,65,3,2024-11-07,completed
2152,67,5,2025-03-08,completed
2153,27,3,2024-01-22,completed
2154,17,2,2024-02-14,completed
2155,38,7,2024-01-02,completed
2156,43,8,2025-08-07,completed
2157,88,3,2025-11-26,completed
2158,49,2,2025-06-19,completed
2159,65,8,2025-04-20,completed
2160,74,4,2025-09-21,completed
2161,5,5,2025-01-04,completed
2162,95,8,2024-08-16,completed
2163,85,7,2024-11-15,completed
2164,45,8,2024-11-22,completed
2165,85,7,2024-05-23,completed
2166,11,10,2024-11-19,completed
2167,95,8,2025-10-12,completed
2168,45,6,2025-11-29,completed
2169,98,9,2025-08-30,completed
2170,5,8,2024-05-23,completed
2171,99,10,2024-11-13,completed
2172,38,7,2024-04-18,completed
2173,89,5,2025-07-19,completed
2174,99,5,2024-11-03,completed
2175,104,1,2024-04-30,completed
2176,37,5,2024-08-17,completed
2177,18,5,2025-01-20,completed
2178,13,8,2025-03-28,completed
2179,60,1,2024-10-16,completed
2180,25,1,2024-04-05,completed
2181,89,7,2025-01-15,completed
2182,48,10,2024-03-23,refunded
2183,94,3,2024-12-28,refunded
2184,84,3,2024-07-29,completed
2185,18,1,2025-01-23,completed
2186,84,10,2024-07-27,completed
2187,23,2,2025-11-22,completed
2188,105,4,2025-07-27,completed
2189,107,7,2024-04-21,pending
2190,36,6,2024-11-18,completed
2191,69,2,2024-10-03,completed
2192,72,6,2025-08-30,completed
2193,67,1,2024-12-10,completed
2194,47,5,2024-10-28,refunded
2195,33,5,2024-10-07,completed
2196,7,7,2024-01-09,completed
2197,95,8,2025-01-07,completed
2198,46,5,2025-10-30,completed
2199,16,1,2024-09-17,completed
2200,78,7,2024-02-14,completed
2201,73,3,2025-02-10,pending
2202,88,7,2024-02-28,completed
2203,87,10,2025-06-04,refunded
2204,88,4,2025-03-13,completed
2205,46,8,2025-06-03,completed
2206,91,5,2025-11-28,completed
2207,109,3,2025-11-30,completed
2208,77,4,2025-02-07,completed
2209,53,5,2024-02-01,completed
2210,11,3,2025-07-19,completed
2211,45,1,2024-05-19,completed
2212,87,6,2025-08-24,completed
2213,102,5,2024-07-05,completed
2214,105,8,2024-07-17,completed
2215,54,10,2024-07-10,completed
2216,63,8,2024-06-18,completed
2217,86,7,2024-12-17,completed
2218,24,1,2025-07-27,completed
2219,4,10,2025-01-05,completed
2220,14,3,2025-09-18,completed
2221,44,1,2024-06-12,completed
2222,78,1,2025-04-28,completed
2223,21,2,2025-06-18,completed
2224,53,1,2024-05-14,completed
2225,100,10,2025-06-12,completed
2226,22,4,2024-01-15,completed
2227,78,5,2024-03-09,completed
2228,36,2,2024-08-14,refunded
2229,81,9,2025-03-09,completed
2230,76,6,2025-08-11,completed
2231,32,7,2025-02-26,completed
2232,16,5,2024-05-17,completed
2233,89,5,2025-02-14,completed
2234,55,7,2025-04-04,completed
2235,87,9,2025-11-19,completed
2236,7,7,2025-10-23,completed
2237,31,10,2025-04-05,completed
2238,36,10,2024-08-05,completed
2239,46,10,2025-06-18,pending
2240,38,1,2025-05-09,completed
2241,108,8,2025-01-17,completed
2242,107,4,2025-11-15,pending
2243,16,3,2025-01-07,completed
2244,85,9,2025-08-12,completed
2245,19,5,2024-07-04,completed
2246,28,7,2025-10-31,completed
2247,106,4,2025-10-14,completed
2248,94,9,2024-09-30,completed
2249,35,7,2024-04-11,completed
2250,101,5,2025-08-28,completed
2251,65,8,2025-03-23,completed
2252,91,8,2024-11-04,completed
2253,20,5,2025-07-06,completed
2254,81,2,2024-09-13,completed
2255,27,4,2025-08-13,completed
2256,60,2,2024-08-04,completed
2257,34,6,2025-03-05,completed
2258,38,6,2025-03-03,completed
2259,48,8,2025-10-30,completed
2260,51,1,2025-07-29,completed
2261,76,7,2024-11-14,completed
2262,74,10,2025-07-04,completed
2263,39,5,2024-05-25,completed
2264,106,9,2025-04-23,completed
2265,49,8,2024-05-23,completed
2266,8,4,2024-04-01,completed
2267,14,2,2025-06-04,completed
2268,33,9,2025-06-28,completed
2269,51,2,2024-12-17,completed
2270,45,8,2025-06-19,completed
2271,70,4,2025-10-27,completed
2272,45,7,2025-03-10,refunded
2273,84,9,2024-05-24,completed
2274,34,7,2025-09-09,completed
2275,47,2,2025-05-11,pending
2276,84,8,2024-03-19,completed
2277,108,1,2024-07-11,completed
2278,36,6,2025-01-26,completed
2279,51,6,2025-03-11,completed
2280,20,5,2024-07-12,completed
2281,7,8,2024-11-17,completed
2282,37,9,2024-10-31,completed
2283,77,4,2024-09-09,refunded
2284,18,5,2024-10-03,completed
2285,62,2,2025-11-16,completed
2286,61,4,2025-05-16,completed
2287,57,6,2025-05-02,refunded
2288,24,7,2025-02-20,completed
2289,35,3,2025-04-18,completed
2290,13,4,2024-09-17,completed
2291,21,8,2025-09-25,completed
2292,91,10,2024-03-12,completed
2293,15,10,2024-04-22,completed
2294,37,3,2024-03-27,completed
2295,23,1,2025-02-04,completed
2296,25,7,2024-09-14,completed
2297,12,5,2024-05-30,completed
2298,81,3,2024-06-18,refunded
2299,65,8,2025-07-12,completed
2300,6,10,2024-02-14,refunded
2301,37,7,2025-01-13,completed
2302,71,5,2025-04-18,completed
2303,29,3,2024-10-20,completed
2304,96,7,2024-07-24,completed
2305,101,8,2025-02-09,completed
2306,6,4,2024-08-12,completed
2307,12,1,2025-07-31,completed
2308,46,8,2025-08-24,completed
2309,51,7,2024-02-16,completed
2310,80,8,2024-02-17,completed
2311,72,3,2024-05-04,completed
2312,78,3,2024-06-19,completed
2313,72,5,2024-01-27,completed
2314,97,8,2025-02-16,completed
2315,65,3,2024-11-14,completed
2316,73,5,2024-08-03,completed
2317,75,3,2024-12-08,completed
2318,104,3,2024-12-01,completed
2319,70,10,2024-06-18,completed
2320,23,4,2025-11-19,completed
2321,46,2,2024-11-01,completed
2322,90,9,2025-04-27,refunded
2323,97,4,2025-11-27,refunded
2324,103,2,2024-08-23,completed
2325,32,9,2024-01-29,completed
2326,9,3,2025-10-22,completed
2327,71,1,2024-04-03,completed
2328,28,2,2025-05-28,completed
2329,75,2,2025-01-07,completed
2330,105,7,2025-10-14,completed
2331,71,3,2024-03-22,completed
2332,16,9,2025-09-01,refunded
2333,13,8,2025-05-12,completed
2334,49,6,2024-08-05,completed
2335,28,9,2025-05-07,completed
2336,93,8,2024-11-07,completed
2337,81,1,2025-07-19,completed
2338,109,5,2024-02-24,completed
2339,81,10,2025-10-18,completed
2340,4,6,2025-09-06,completed
2341,30,3,2025-11-30,completed
2342,19,1,2024-06-16,completed
2343,60,10,2024-12-20,completed
2344,87,1,2024-04-13,completed
2345,65,2,2024-04-25,completed
2346,65,7,2024-09-19,completed
2347,62,6,2024-08-01,completed
2348,47,4,2024-03-20,completed
2349,102,6,2024-01-03,completed
2350,8,4,2025-05-23,completed
2351,84,8,2025-02-06,completed
2352,11,8,2024-06-16,completed
2353,109,9,2024-08-29,completed
2354,4,7,2024-07-19,completed
2355,77,1,2025-01-07,completed
2356,61,5,2025-05-01,completed
2357,86,7,2024-10-05,completed
2358,58,10,2024-01-26,completed
2359,13,5,2024-12-09,completed
2360,35,10,2025-02-12,completed
2361,73,3,2024-04-06,completed
2362,20,4,2025-07-22,completed
2363,59,3,2024-11-26,completed
2364,83,3,2025-06-28,completed
2365,81,6,2025-04-28,refunded
2366,33,1,2025-09-19,completed
2367,18,8,2024-09-11,completed
2368,91,4,2025-09-09,completed
2369,107,4,2024-11-15,refunded
2370,100,1,2024-04-29,completed
2371,33,6,2024-06-30,pending
2372,47,8,2024-02-02,completed
2373,35,5,2024-05-30,completed
2374,34,10,2024-09-28,completed
2375,110,5,2025-01-22,completed
2376,21,10,2024-04-23,completed
2377,77,9,2025-03-28,completed
2378,31,1,2024-03-03,completed
2379,84,2,2025-06-25,completed
2380,44,8,2025-07-25,completed
2381,33,7,2024-11-03,refunded
2382,40,4,2024-02-18,pending
2383,2,7,2025-03-06,completed
2384,78,2,2024-05-30,completed
2385,90,1,2025-01-30,completed
2386,14,3,2024-11-22,completed
2387,33,1,2024-07-10,refunded
2388,8,9,2025-02-04,refunded
2389,51,7,2025-09-24,completed
2390,108,5,2024-05-19,completed
2391,108,8,2024-06-22,completed
2392,91,10,2024-10-06,completed
2393,30,1,2024-12-14,completed
2394,40,2,2024-02-11,completed
2395,1,5,2024-08-23,completed
2396,68,6,2025-07-18,completed
2397,3,8,2024-11-30,completed
2398,38,3,2025-02-02,completed
2399,68,1,2024-05-13,completed
2400,52,6,2024-09-03,completed
2401,106,8,2025-03-03,refunded
2402,104,6,2024-06-07,completed
2403,59,10,2025-10-17,completed
2404,88,7,2024-12-01,completed
2405,73,10,2024-02-24,completed
2406,1,1,2025-07-27,completed
2407,92,2,2024-05-11,completed
2408,62,7,2024-09-10,completed
2409,3,5,2024-03-01,completed
2410,34,7,2024-03-19,completed
2411,78,4,2025-11-05,completed
2412,92,10,2024-03-08,completed
2413,37,2,2025-06-25,completed
2414,24,1,2025-10-07,completed
2415,70,1,2024-06-11,completed
2416,31,7,2025-05-12,completed
2417,49,5,2024-12-31,completed
2418,43,5,2024-07-25,completed
2419,18,7,2025-10-01,completed
2420,89,4,2024-07-12,completed
2421,87,2,2024-11-14,pending
2422,33,1,2025-03-18,completed
2423,106,5,2024-11-09,completed
2424,85,3,2025-04-09,completed
2425,42,8,2024-06-21,completed
2426,95,6,2025-06-03,completed
2427,99,9,2025-09-09,refunded
2428,91,10,2024-10-09,completed
2429,1,1,2024-09-21,completed
2430,69,6,2024-12-04,completed
2431,76,8,2025-05-14,completed
2432,96,10,2025-11-26,completed
2433,103,5,2025-11-13,completed
2434,32,2,2025-02-27,completed
2435,96,2,2025-01-29,refunded
2436,83,3,2025-05-29,completed
2437,88,9,2024-12-12,refunded
2438,46,8,2024-04-22,completed
2439,75,5,2024-02-14,completed
2440,16,7,2024-04-29,completed
2441,76,6,2025-03-01,pending
2442,66,3,2025-01-17,completed
2443,58,5,2025-07-25,completed
2444,11,10,2025-03-11,refunded
2445,64,1,2024-09-23,completed
2446,31,1,2024-05-03,completed
2447,27,2,2025-09-12,completed
2448,1,7,2024-06-02,completed
2449,45,7,2025-04-26,completed
2450,99,10,2025-06-17,completed
2451,2,1,2024-08-10,completed
2452,97,3,2024-11-11,completed
2453,96,6,2024-05-10,completed
2454,72,9,2024-06-03,completed
2455,43,9,2025-11-13,pending
2456,84,2,2024-04-15,completed
2457,4,4,2025-10-14,completed
2458,10,4,2024-06-11,completed
2459,79,1,2024-06-26,completed
2460,82,4,2025-11-13,completed
2461,17,8,2024-12-03,completed
2462,105,4,2024-02-25,completed
2463,109,10,2024-10-26,completed
2464,103,10,2025-06-01,completed
2465,16,5,2025-08-24,completed
2466,57,7,2024-12-20,completed
2467,108,10,2025-11-02,completed
2468,100,5,2024-07-13,completed
2469,93,4,2025-07-09,completed
2470,48,10,2024-12-20,completed
2471,104,1,2024-04-29,completed
2472,14,9,2024-12-01,completed
2473,86,3,2024-01-30,refunded
2474,21,1,2025-08-14,completed
2475,29,5,2024-09-13,completed
2476,52,6,2025-05-17,completed
2477,41,5,2025-02-04,completed
2478,93,10,2024-01-06,completed
2479,67,9,2025-03-15,completed
2480,28,2,2024-05-19,pending
2481,35,8,2025-06-04,refunded
2482,7,5,2024-01-15,completed
2483,6,1,2024-03-13,refunded
2484,27,9,2025-06-02,refunded
2485,32,7,2025-08-09,completed
2486,27,2,2025-08-11,completed
2487,38,3,2025-11-07,completed
2488,84,1,2024-07-20,completed
2489,106,3,2024-11-17,completed
2490,32,9,2025-07-09,completed
2491,26,5,2024-01-18,completed
2492,13,9,2024-07-20,completed
2493,24,7,2025-01-26,completed
2494,40,9,2024-03-22,completed
2495,106,2,2024-03-20,completed
2496,76,3,2025-11-11,completed
2497,68,8,2024-11-23,completed
2498,54,1,2025-01-22,completed
2499,44,8,2024-03-06,completed
2500,96,5,2024-11-19,completed
