ticket_id,customer_id,opened_date,closed_date,priority,csat
1,69,2025-03-16,2025-03-26,P1,4
2,91,2025-02-27,2025-03-15,P1,2
3,105,2025-02-27,2025-03-09,P2,4
4,101,2025-04-29,2025-05-16,P4,2
5,55,2025-05-27,2025-06-09,P3,1
6,8,2025-12-05,2025-12-18,P1,5
7,78,2025-10-06,2025-10-12,P1,3
8,75,2025-04-25,2025-05-03,P2,5
9,98,2025-09-06,2025-09-16,P2,4
10,81,2025-06-03,2025-06-14,P2,5
11,100,2025-10-04,2025-10-22,P3,4
12,18,2025-05-23,2025-06-02,P3,4
13,44,2026-01-05,2026-01-20,P2,5
14,52,2025-04-09,2025-04-26,P2,5
15,103,2025-03-27,2025-04-04,P2,5
16,60,2025-02-15,,P4,
17,99,2025-03-24,2025-04-09,P4,4
18,95,2025-05-09,2025-05-24,P2,5
19,81,2025-08-29,2025-08-29,P3,4
20,61,2025-10-14,2025-10-28,P4,5
21,68,2025-02-19,2025-03-09,P1,3
22,102,2025-11-09,2025-11-13,P3,4
23,12,2026-01-31,2026-02-05,P2,5
24,66,2026-01-21,2026-01-21,P4,5
25,24,2025-06-28,2025-07-05,P1,3
26,65,2025-07-04,2025-07-12,P2,3
27,41,2025-10-03,2025-10-19,P1,5
28,34,2026-01-28,,P2,
29,45,2025-07-25,,P2,
30,65,2025-03-19,2025-04-01,P3,4
31,79,2025-01-05,2025-01-14,P4,4
32,47,2025-08-15,2025-08-18,P4,5
33,84,2025-03-13,2025-03-15,P3,5
34,8,2025-09-26,2025-10-09,P3,4
35,50,2025-05-30,2025-06-19,P1,4
36,88,2025-12-15,2025-12-31,P2,5
37,27,2025-01-11,2025-01-29,P4,4
38,23,2025-09-24,2025-10-13,P4,4
39,60,2026-04-23,2026-04-29,P2,2
40,32,2025-01-09,2025-01-26,P4,1
41,21,2026-01-17,2026-01-29,P1,3
42,31,2026-04-29,2026-05-05,P1,4
43,66,2026-02-27,2026-03-08,P3,5
44,74,2025-02-11,,P2,
45,33,2026-03-13,2026-04-02,P1,5
46,30,2026-04-28,,P1,
47,50,2025-07-30,2025-08-06,P2,4
48,68,2025-05-21,2025-06-01,P3,4
49,97,2025-01-02,2025-01-19,P4,4
50,20,2025-03-25,2025-04-12,P1,5
51,82,2025-01-01,2025-01-17,P1,4
52,49,2026-01-10,2026-01-23,P1,5
53,24,2026-03-20,2026-04-01,P1,3
54,82,2025-02-23,2025-03-09,P2,5
55,66,2026-03-01,2026-03-21,P4,5
56,106,2025-03-10,2025-03-19,P4,5
57,50,2025-11-17,2025-12-02,P4,3
58,29,2026-03-11,2026-03-15,P1,4
59,23,2026-04-12,2026-04-20,P2,3
60,45,2025-05-17,2025-05-25,P1,1
61,103,2025-02-04,2025-02-24,P2,5
62,79,2025-09-22,,P2,
63,85,2025-12-04,2025-12-04,P1,4
64,108,2025-08-06,2025-08-19,P3,3
65,30,2026-04-22,2026-04-29,P4,5
66,98,2025-02-11,2025-02-19,P3,5
67,33,2026-01-12,2026-01-14,P2,5
68,38,2026-01-21,2026-02-08,P2,1
69,65,2026-05-06,,P2,
70,7,2025-09-18,2025-10-06,P2,5
71,15,2026-03-09,2026-03-23,P1,4
72,105,2025-03-22,2025-04-04,P1,3
73,109,2025-06-17,2025-06-18,P2,3
74,36,2026-01-19,,P3,
75,31,2025-01-28,2025-02-04,P2,5
76,47,2025-01-24,2025-01-29,P2,4
77,101,2026-05-14,2026-05-21,P3,4
78,38,2025-01-25,2025-02-01,P3,4
79,27,2025-11-02,2025-11-20,P3,3
80,95,2025-09-26,2025-09-26,P4,5
81,82,2025-05-11,2025-05-14,P2,4
82,107,2025-03-07,2025-03-25,P1,4
83,43,2026-05-14,2026-05-15,P4,3
84,85,2025-02-24,2025-03-06,P1,5
85,72,2025-03-06,2025-03-12,P1,3
86,79,2025-01-27,2025-02-11,P2,3
87,73,2025-02-24,2025-02-26,P3,4
88,110,2026-01-01,,P3,
89,46,2025-07-21,2025-08-06,P3,4
90,68,2025-07-22,2025-08-01,P2,4
91,62,2025-05-31,2025-06-08,P1,4
92,57,2025-03-11,2025-03-18,P3,5
93,109,2026-03-28,2026-04-12,P1,3
94,70,2025-01-01,2025-01-07,P2,4
95,46,2026-03-07,2026-03-11,P3,5
96,1,2025-06-06,2025-06-12,P1,5
97,52,2025-01-10,2025-01-14,P3,5
98,62,2026-05-14,2026-05-28,P4,5
99,54,2025-10-15,2025-10-24,P2,5
100,86,2026-01-15,2026-01-18,P1,4
101,59,2025-06-11,2025-06-15,P1,4
102,32,2025-06-23,2025-06-30,P2,5
103,79,2026-03-01,2026-03-17,P1,4
104,27,2026-05-05,2026-05-24,P3,4
105,18,2026-01-15,,P3,
106,25,2025-04-03,2025-04-22,P2,5
107,38,2025-12-27,,P3,
108,80,2026-02-19,2026-03-10,P4,5
109,43,2025-05-20,2025-06-04,P4,5
110,110,2025-08-26,2025-08-27,P1,4
111,74,2025-08-02,2025-08-16,P3,4
112,106,2026-02-10,2026-02-22,P4,4
113,58,2025-04-30,2025-05-19,P1,5
114,85,2025-04-13,,P4,
115,27,2026-04-11,2026-04-23,P1,5
116,7,2025-09-23,2025-09-23,P4,2
117,41,2025-08-08,2025-08-27,P1,5
118,61,2026-03-15,2026-03-20,P4,5
119,85,2025-08-21,2025-08-23,P1,4
120,50,2025-06-13,2025-06-29,P2,3
121,40,2026-01-26,,P3,
122,69,2026-03-16,2026-03-26,P4,4
123,58,2026-04-23,2026-04-26,P4,4
124,89,2025-03-23,2025-04-09,P2,4
125,108,2026-01-30,2026-02-17,P4,3
126,98,2025-10-15,2025-11-03,P3,4
127,84,2025-03-26,2025-04-03,P1,5
128,80,2026-03-27,,P3,
129,13,2026-01-04,2026-01-15,P3,4
130,48,2025-04-09,2025-04-23,P3,2
131,28,2025-08-22,2025-09-04,P3,4
132,73,2025-07-26,,P1,
133,56,2026-01-20,2026-02-08,P1,3
134,35,2026-01-19,,P1,
135,96,2026-01-11,,P4,
136,48,2025-07-30,2025-07-31,P1,5
137,7,2026-01-08,2026-01-21,P4,5
138,99,2025-11-07,2025-11-22,P2,4
139,23,2026-01-11,2026-01-28,P3,5
140,20,2025-08-21,2025-08-27,P4,3
141,74,2026-02-26,2026-03-17,P1,5
142,103,2026-03-13,2026-04-02,P2,4
143,104,2025-07-30,2025-08-12,P3,5
144,58,2026-01-11,2026-01-22,P2,5
145,86,2025-09-05,2025-09-07,P3,5
146,25,2026-05-14,2026-06-01,P1,3
147,102,2025-08-09,2025-08-24,P2,4
148,92,2025-07-25,2025-07-25,P3,2
149,29,2025-12-25,2025-12-25,P2,5
150,45,2025-07-13,,P1,
151,26,2026-04-06,2026-04-09,P4,4
152,60,2025-06-30,2025-07-04,P4,5
153,15,2025-03-21,2025-04-04,P4,5
154,14,2025-08-13,2025-08-26,P1,5
155,53,2026-03-24,2026-04-02,P2,5
156,73,2026-01-04,2026-01-23,P2,5
157,66,2025-10-08,,P4,
158,60,2025-07-23,2025-07-27,P4,3
159,5,2025-03-15,2025-03-26,P4,5
160,82,2025-04-29,,P3,
161,54,2025-05-20,2025-06-04,P3,4
162,50,2026-02-18,2026-03-04,P1,4
163,88,2025-04-15,2025-04-28,P1,4
164,41,2025-12-30,,P2,
165,51,2026-04-12,2026-04-14,P4,1
166,29,2025-02-17,2025-02-21,P1,5
167,105,2026-02-21,2026-03-06,P3,4
168,37,2025-12-02,2025-12-02,P2,5
169,36,2025-03-22,2025-04-11,P4,2
170,73,2025-05-23,2025-05-30,P4,5
171,10,2025-08-27,2025-09-13,P1,4
172,31,2026-05-15,,P3,
173,58,2025-04-25,,P4,
174,100,2026-02-17,2026-03-03,P4,5
175,38,2025-07-02,2025-07-12,P1,3
176,41,2025-03-03,2025-03-03,P3,5
177,86,2025-07-07,,P2,
178,80,2026-04-30,,P4,
179,69,2025-09-10,2025-09-18,P2,2
180,44,2026-04-21,2026-05-09,P4,5
181,84,2025-03-30,2025-04-09,P4,4
182,32,2025-06-10,,P4,
183,83,2025-04-06,2025-04-16,P1,2
184,62,2026-02-14,2026-03-04,P3,4
185,10,2026-03-20,2026-04-07,P3,5
186,76,2025-06-21,,P2,
187,59,2026-02-15,2026-02-21,P3,5
188,68,2025-11-27,2025-11-27,P4,4
189,55,2025-12-19,,P3,
190,54,2026-01-26,2026-01-28,P1,5
191,41,2025-03-18,2025-03-31,P2,3
192,17,2026-03-10,2026-03-18,P1,5
193,95,2025-12-13,,P1,
194,14,2025-05-19,2025-06-04,P4,3
195,10,2025-11-12,2025-11-29,P3,1
196,32,2025-08-18,2025-08-27,P1,5
197,104,2025-03-11,2025-03-23,P2,4
198,2,2026-01-08,2026-01-08,P1,1
199,43,2026-03-13,2026-04-02,P1,4
200,35,2025-01-09,2025-01-15,P1,5
201,44,2025-01-18,2025-02-04,P1,2
202,44,2025-07-12,2025-07-19,P4,4
203,104,2026-02-15,2026-03-05,P1,4
204,100,2025-05-01,,P4,
205,73,2025-06-05,,P2,
206,82,2025-02-08,2025-02-13,P4,5
207,58,2026-03-01,2026-03-14,P1,3
208,20,2025-12-28,2026-01-08,P4,5
209,100,2025-03-23,2025-03-24,P3,5
210,75,2026-04-07,2026-04-17,P4,5
211,1,2026-03-18,2026-04-05,P1,3
212,93,2026-03-08,2026-03-16,P3,4
213,64,2026-01-02,2026-01-05,P4,4
214,109,2026-03-17,2026-04-02,P3,3
215,74,2025-11-16,2025-11-27,P4,4
216,38,2025-11-29,2025-12-02,P4,4
217,19,2026-03-25,2026-04-12,P2,3
218,99,2025-03-07,,P2,
219,35,2026-04-03,2026-04-20,P1,4
220,24,2025-07-31,2025-08-03,P3,5
221,105,2026-03-06,2026-03-17,P4,4
222,16,2025-09-16,2025-09-16,P2,5
223,74,2025-05-06,2025-05-15,P2,1
224,48,2025-05-19,2025-06-08,P2,3
225,87,2025-11-24,2025-12-09,P1,4
226,76,2025-03-30,2025-03-30,P4,4
227,79,2025-04-11,2025-04-16,P4,5
228,104,2025-03-14,2025-03-28,P2,3
229,54,2025-10-03,,P2,
230,61,2025-06-24,2025-07-01,P2,2
231,79,2026-01-14,2026-02-02,P3,5
232,82,2025-08-29,2025-09-15,P1,5
233,21,2026-04-09,2026-04-13,P4,1
234,64,2025-02-11,2025-02-11,P3,4
235,3,2025-03-10,2025-03-22,P3,4
236,59,2025-04-25,2025-05-06,P3,3
237,90,2025-05-07,,P2,
238,24,2026-05-02,2026-05-09,P4,2
239,108,2025-12-06,2025-12-19,P1,5
240,55,2025-08-05,2025-08-25,P4,5
241,62,2025-11-27,2025-12-17,P1,2
242,11,2025-12-05,2025-12-06,P3,4
243,32,2026-01-15,2026-01-29,P1,3
244,102,2025-02-13,2025-03-05,P4,4
245,101,2025-11-14,2025-11-25,P3,3
246,19,2025-03-10,2025-03-20,P2,3
247,18,2025-05-16,2025-05-20,P4,5
248,58,2026-01-30,2026-02-04,P4,3
249,87,2025-06-23,2025-06-24,P3,2
250,24,2025-02-17,2025-02-20,P3,3
251,56,2025-01-18,2025-01-25,P2,3
252,75,2026-02-28,2026-03-12,P3,4
253,23,2026-02-20,2026-02-20,P3,5
254,60,2025-06-19,2025-07-09,P2,4
255,48,2025-12-06,2025-12-22,P4,4
256,8,2026-03-27,2026-04-08,P2,5
257,88,2025-10-29,2025-11-03,P1,3
258,20,2026-05-14,2026-05-24,P4,2
259,92,2025-12-07,2025-12-27,P4,5
260,96,2025-08-16,2025-09-05,P1,5
261,67,2026-01-25,2026-02-12,P4,4
262,96,2026-04-16,2026-04-18,P3,5
263,80,2026-01-03,2026-01-12,P2,4
264,91,2026-05-13,,P3,
265,96,2025-08-13,2025-08-18,P1,4
266,12,2025-11-13,2025-11-21,P4,4
267,18,2025-07-25,2025-07-31,P4,5
268,107,2025-06-30,2025-07-09,P4,4
269,87,2025-08-26,,P4,
270,71,2025-11-18,2025-12-08,P2,5
271,3,2025-01-23,2025-02-09,P1,2
272,13,2026-01-16,2026-01-24,P4,5
273,77,2025-01-30,2025-02-11,P4,2
274,42,2025-10-28,,P1,
275,73,2025-12-25,2026-01-06,P1,4
276,85,2025-09-19,,P3,
277,81,2026-04-27,2026-05-08,P2,4
278,35,2025-03-22,2025-03-27,P3,5
279,93,2025-12-21,2026-01-08,P2,4
280,80,2025-06-02,2025-06-18,P3,1
281,15,2025-08-22,2025-08-25,P3,3
282,9,2025-04-03,2025-04-23,P2,5
283,98,2026-04-28,2026-05-05,P4,5
284,48,2025-12-12,2025-12-26,P2,4
285,33,2026-04-08,2026-04-12,P3,5
286,69,2026-03-14,2026-03-29,P1,3
287,2,2025-06-03,2025-06-23,P3,4
288,1,2025-08-29,,P2,
289,66,2025-01-16,,P1,
290,62,2026-03-08,2026-03-16,P4,4
291,78,2026-01-26,2026-02-10,P2,3
292,102,2026-03-09,2026-03-11,P2,5
293,38,2026-01-29,2026-02-05,P2,4
294,101,2026-01-12,2026-01-13,P2,4
295,50,2026-04-22,2026-05-10,P3,3
296,42,2025-09-30,2025-10-14,P4,5
297,27,2025-06-13,2025-06-13,P1,4
298,96,2025-01-29,2025-02-13,P3,5
299,104,2025-08-25,2025-09-06,P1,5
300,24,2025-12-15,,P2,
301,85,2025-07-27,,P4,
302,23,2026-03-17,2026-03-31,P3,5
303,29,2025-10-25,2025-10-26,P3,2
304,51,2026-04-01,2026-04-13,P4,1
305,26,2025-07-19,2025-07-23,P1,2
306,46,2025-12-14,2025-12-16,P4,2
307,95,2026-05-10,,P3,
308,108,2026-04-11,,P2,
309,95,2025-12-01,2025-12-12,P2,5
310,89,2026-01-09,2026-01-24,P2,5
311,78,2025-08-01,2025-08-12,P2,4
312,98,2026-02-15,2026-03-06,P4,5
313,57,2025-08-24,2025-09-08,P3,4
314,67,2025-10-31,2025-11-18,P1,1
315,24,2025-12-22,2026-01-09,P1,4
316,42,2025-05-30,2025-06-16,P4,5
317,2,2025-01-26,2025-01-30,P1,3
318,28,2025-03-07,2025-03-19,P3,3
319,54,2025-01-11,,P4,
320,98,2025-10-07,2025-10-24,P4,4
321,11,2025-12-21,2025-12-25,P3,5
322,23,2025-12-25,2026-01-14,P3,2
323,102,2025-07-31,2025-08-02,P3,5
324,44,2025-10-13,2025-11-01,P3,3
325,47,2026-03-29,2026-04-02,P4,4
326,86,2025-01-14,2025-01-27,P2,5
327,99,2025-03-17,2025-04-03,P2,5
328,103,2025-05-01,2025-05-12,P4,4
329,68,2025-11-10,,P2,
330,45,2026-02-16,2026-03-07,P2,4
331,53,2025-09-27,2025-10-06,P4,4
332,36,2025-12-13,2025-12-24,P2,4
333,67,2025-05-06,2025-05-09,P1,5
334,71,2026-05-01,2026-05-12,P1,1
335,70,2025-09-03,2025-09-13,P3,4
336,97,2025-01-14,2025-01-24,P3,5
337,68,2025-01-06,,P4,
338,63,2025-11-01,2025-11-16,P4,3
339,56,2025-02-10,2025-02-28,P4,4
340,49,2025-04-10,2025-04-22,P3,3
341,32,2026-04-25,2026-05-02,P4,5
342,36,2026-01-16,2026-02-03,P4,3
343,74,2026-04-03,2026-04-07,P4,5
344,22,2025-09-15,2025-09-18,P1,2
345,24,2025-04-22,2025-05-07,P4,4
346,32,2025-05-28,,P2,
347,15,2025-11-04,,P1,
348,33,2025-08-31,2025-09-04,P4,1
349,83,2025-10-16,2025-10-29,P3,2
350,76,2025-09-07,2025-09-21,P4,5
351,3,2025-10-20,2025-11-06,P1,5
352,78,2025-10-13,2025-10-15,P2,3
353,50,2025-08-12,2025-08-23,P3,4
354,68,2025-08-19,2025-08-28,P3,4
355,84,2026-03-23,2026-04-03,P3,3
356,34,2025-05-16,2025-06-04,P4,2
357,32,2026-03-09,2026-03-27,P3,4
358,62,2025-09-02,2025-09-17,P2,4
359,11,2025-03-14,2025-03-21,P4,4
360,48,2025-07-16,2025-07-18,P1,5
361,71,2026-01-23,2026-02-10,P3,4
362,64,2025-10-31,2025-11-17,P2,3
363,105,2025-11-01,2025-11-02,P1,1
364,42,2025-10-29,2025-10-29,P1,4
365,57,2025-04-28,2025-05-10,P1,4
366,42,2026-01-09,,P2,
367,36,2025-06-05,2025-06-10,P4,2
368,14,2025-03-10,2025-03-16,P1,3
369,100,2026-01-26,2026-02-08,P2,3
370,92,2025-07-08,2025-07-27,P1,4
371,74,2025-07-22,2025-07-27,P1,5
372,77,2025-07-26,2025-07-26,P3,4
373,82,2025-08-29,2025-09-14,P4,4
374,25,2025-08-27,2025-09-09,P4,4
375,59,2025-04-23,2025-05-11,P2,4
376,56,2026-03-09,2026-03-21,P4,4
377,65,2026-02-19,2026-03-01,P1,5
378,88,2025-11-26,2025-12-05,P1,4
379,57,2025-12-27,2025-12-31,P1,3
380,88,2025-02-11,2025-02-11,P2,4
381,89,2026-05-02,2026-05-06,P2,3
382,45,2025-05-29,2025-06-10,P3,4
383,86,2025-02-10,2025-02-21,P4,2
384,57,2025-06-13,2025-06-19,P4,5
385,22,2025-05-23,2025-06-12,P4,2
386,86,2025-01-18,2025-02-03,P4,4
387,43,2025-12-31,2026-01-10,P1,5
388,47,2025-04-11,2025-04-23,P2,4
389,56,2025-09-25,2025-10-01,P1,5
390,99,2025-08-21,2025-08-21,P1,5
391,53,2025-11-07,2025-11-20,P2,2
392,69,2025-02-24,2025-03-06,P4,3
393,101,2025-01-15,2025-01-20,P3,5
394,29,2025-08-19,2025-09-06,P2,4
395,15,2025-05-28,2025-06-15,P4,2
396,14,2025-09-03,,P4,
397,89,2025-04-09,,P3,
398,68,2025-04-21,2025-04-22,P2,3
399,55,2026-02-03,2026-02-19,P2,4
400,26,2025-10-02,2025-10-14,P1,5
401,52,2025-09-01,2025-09-16,P3,5
402,58,2026-02-06,2026-02-13,P3,5
403,38,2025-02-21,2025-02-21,P4,5
404,62,2026-04-06,2026-04-10,P1,1
405,23,2025-06-18,2025-07-05,P1,5
406,4,2025-11-18,2025-12-05,P4,5
407,20,2025-04-19,2025-04-29,P3,3
408,101,2025-08-30,2025-09-19,P2,4
409,37,2026-04-27,,P3,
410,11,2025-07-09,2025-07-10,P3,5
411,75,2025-05-06,2025-05-09,P1,1
412,55,2026-01-28,,P3,
413,81,2025-07-15,,P3,
414,3,2025-12-27,2026-01-04,P1,5
415,6,2025-01-22,2025-01-31,P2,4
416,17,2025-11-17,,P1,
417,84,2025-07-16,2025-07-25,P2,4
418,43,2025-08-12,2025-09-01,P1,5
419,87,2025-04-26,2025-05-16,P4,4
420,38,2025-09-07,2025-09-11,P3,4
421,99,2025-09-19,2025-09-22,P2,4
422,31,2025-06-28,2025-06-30,P2,5
423,34,2025-05-20,2025-06-09,P4,5
424,52,2025-12-26,2026-01-02,P1,1
425,94,2025-01-18,2025-01-26,P1,4
426,35,2025-12-26,2026-01-12,P4,4
427,64,2025-11-20,2025-11-25,P1,2
428,88,2025-10-22,,P4,
429,7,2025-10-17,2025-11-04,P1,4
430,64,2026-02-27,2026-02-27,P1,4
431,51,2026-05-12,2026-05-25,P1,5
432,29,2026-04-03,2026-04-03,P3,4
433,49,2025-11-05,2025-11-08,P3,4
434,7,2025-02-21,2025-03-05,P4,3
435,50,2025-03-20,2025-03-31,P3,2
436,29,2025-08-04,2025-08-07,P4,4
437,51,2025-03-30,2025-04-04,P3,5
438,64,2026-02-10,2026-03-02,P3,4
439,47,2025-01-20,,P4,
440,16,2025-08-27,2025-09-03,P3,2
441,100,2025-09-11,2025-09-14,P3,1
442,23,2025-07-15,2025-07-17,P3,5
443,58,2025-02-14,2025-02-27,P3,5
444,99,2025-02-23,2025-03-06,P3,3
445,88,2025-12-04,2025-12-20,P4,3
446,95,2025-11-02,2025-11-11,P1,4
447,85,2025-12-11,2025-12-29,P2,2
448,94,2026-02-23,2026-03-09,P4,3
449,107,2025-08-08,,P2,
450,104,2025-10-08,2025-10-14,P3,4
451,95,2025-03-26,2025-04-04,P4,5
452,1,2025-12-27,2026-01-11,P3,5
453,56,2025-05-14,,P2,
454,56,2025-12-22,2025-12-25,P2,3
455,42,2025-06-30,2025-07-10,P2,4
456,105,2026-04-29,2026-05-12,P2,5
457,69,2025-05-11,2025-05-14,P1,4
458,108,2025-01-05,2025-01-23,P2,3
459,81,2025-07-05,2025-07-09,P3,4
460,52,2026-04-08,2026-04-25,P3,2
461,83,2026-03-25,2026-04-10,P4,5
462,21,2025-08-30,2025-09-01,P3,3
463,5,2025-12-21,2025-12-26,P1,3
464,94,2026-02-05,2026-02-12,P4,4
465,32,2025-05-05,2025-05-09,P4,2
466,93,2025-08-08,2025-08-22,P3,5
467,65,2026-02-11,2026-02-27,P3,4
468,98,2025-07-17,2025-08-03,P4,4
469,97,2025-05-31,2025-06-18,P3,5
470,35,2025-11-07,2025-11-26,P4,2
471,63,2025-06-27,2025-07-17,P4,3
472,53,2025-09-16,2025-09-24,P1,4
473,88,2025-06-19,2025-06-26,P4,4
474,83,2025-09-14,2025-09-20,P1,1
475,51,2025-03-05,2025-03-11,P1,4
476,44,2025-05-05,,P2,
477,71,2025-12-15,2026-01-01,P3,3
478,102,2026-05-14,2026-05-17,P4,2
479,36,2025-10-04,2025-10-04,P1,4
480,16,2026-03-23,2026-04-11,P3,4
481,25,2025-02-06,2025-02-09,P2,5
482,73,2025-09-05,2025-09-22,P2,4
483,34,2026-02-19,2026-02-21,P1,4
484,3,2025-12-11,2025-12-23,P4,1
485,109,2025-04-04,2025-04-11,P3,4
486,51,2025-01-20,2025-01-24,P2,5
487,104,2025-03-15,2025-03-24,P2,4
488,19,2026-04-23,,P2,
489,55,2026-05-08,,P2,
490,44,2025-01-23,2025-02-05,P3,2
491,5,2025-02-09,2025-02-19,P4,5
492,84,2025-01-10,2025-01-22,P1,4
493,5,2025-10-16,2025-11-04,P4,4
494,68,2025-07-22,2025-08-04,P2,1
495,54,2025-10-10,2025-10-12,P2,4
496,15,2025-05-29,2025-05-30,P2,3
497,7,2025-09-27,,P3,
498,97,2025-04-12,,P1,
499,78,2026-04-03,,P1,
500,44,2026-03-09,2026-03-21,P4,5
501,1,2025-11-20,2025-11-25,P4,5
502,37,2025-09-20,2025-09-30,P2,4
503,9,2025-04-29,2025-05-04,P3,4
504,23,2025-03-20,2025-04-08,P2,3
505,74,2025-08-21,2025-08-26,P1,4
506,15,2025-06-01,2025-06-19,P3,5
507,63,2026-01-30,2026-02-10,P4,4
508,101,2025-06-09,2025-06-20,P1,4
509,8,2025-09-01,2025-09-21,P3,4
510,97,2025-08-08,2025-08-14,P2,5
511,62,2026-03-08,2026-03-19,P3,4
512,83,2025-01-09,2025-01-17,P2,4
513,70,2025-09-10,,P4,
514,96,2025-08-26,2025-08-27,P2,2
515,15,2025-08-16,,P1,
516,102,2025-04-27,2025-05-08,P1,5
517,37,2025-04-09,2025-04-15,P3,5
518,87,2025-08-04,2025-08-22,P1,1
519,11,2025-06-09,,P2,
520,27,2025-06-17,,P4,
521,22,2025-03-31,,P2,
522,10,2025-07-18,2025-07-26,P2,4
523,30,2025-03-01,,P1,
524,71,2026-05-04,2026-05-08,P4,1
525,11,2025-12-20,2026-01-03,P3,5
526,41,2025-08-27,,P1,
527,78,2025-12-07,2025-12-27,P1,1
528,77,2026-04-04,,P3,
529,53,2026-01-30,2026-02-13,P3,3
530,21,2026-02-15,2026-02-28,P3,4
531,12,2025-08-30,2025-09-12,P1,3
532,31,2025-11-30,2025-11-30,P4,3
533,62,2025-02-20,2025-02-21,P4,4
534,3,2025-03-28,2025-04-06,P3,5
535,58,2025-08-14,2025-08-28,P1,5
536,48,2025-08-30,2025-09-01,P2,3
537,92,2025-09-11,2025-09-30,P4,5
538,89,2026-02-10,2026-02-21,P3,5
539,68,2025-08-26,2025-09-11,P1,5
540,52,2026-02-22,2026-03-11,P1,2
541,41,2026-03-20,,P3,
542,21,2026-01-06,,P3,
543,90,2026-02-17,2026-03-05,P3,4
544,54,2025-08-14,,P2,
545,57,2025-02-08,2025-02-23,P3,5
546,12,2025-10-21,2025-10-21,P3,4
547,40,2026-04-09,2026-04-19,P4,4
548,95,2026-02-21,2026-02-21,P1,1
549,84,2026-02-12,2026-02-14,P1,4
550,60,2025-01-15,,P1,
551,15,2025-02-23,2025-02-27,P1,4
552,86,2026-05-03,2026-05-19,P4,4
553,21,2025-01-16,2025-01-23,P4,4
554,46,2026-05-04,2026-05-17,P1,1
555,86,2026-02-01,2026-02-21,P3,5
556,110,2025-03-08,2025-03-20,P4,5
557,71,2026-02-24,2026-02-28,P4,2
558,36,2025-04-16,2025-04-24,P1,3
559,108,2025-03-04,2025-03-12,P3,4
560,85,2025-07-22,2025-08-04,P2,5
561,17,2025-04-28,2025-04-29,P3,5
562,17,2026-01-16,2026-01-18,P3,4
563,52,2025-01-29,2025-02-05,P3,5
564,13,2025-11-18,2025-11-28,P4,3
565,51,2025-06-13,,P4,
566,37,2025-08-06,2025-08-14,P2,5
567,13,2026-04-30,2026-05-13,P3,3
568,2,2025-08-09,2025-08-10,P3,4
569,14,2025-02-19,2025-02-25,P1,5
570,29,2025-11-25,2025-12-04,P2,5
571,81,2025-02-23,2025-02-23,P1,4
572,82,2025-09-05,2025-09-22,P3,5
573,58,2026-01-18,,P2,
574,2,2025-05-21,2025-05-24,P3,4
575,82,2025-05-26,2025-06-10,P2,4
576,35,2025-12-26,2026-01-02,P4,5
577,32,2025-08-10,2025-08-29,P4,2
578,65,2026-01-31,2026-02-11,P2,5
579,10,2025-12-07,2025-12-22,P3,4
580,1,2026-02-12,2026-03-02,P1,1
581,67,2025-06-17,2025-07-06,P4,4
582,35,2025-11-26,2025-11-26,P1,4
583,42,2026-01-06,,P3,
584,62,2026-04-17,2026-05-05,P3,2
585,58,2026-01-09,2026-01-13,P4,4
586,27,2026-01-15,2026-02-03,P3,5
587,10,2025-08-07,,P3,
588,35,2025-01-19,2025-02-08,P2,5
589,95,2025-09-07,2025-09-23,P1,5
590,66,2026-05-16,2026-06-02,P1,5
591,51,2025-09-15,,P1,
592,20,2026-05-07,2026-05-10,P2,4
593,71,2025-03-18,2025-03-23,P2,5
594,43,2025-07-19,2025-08-03,P2,4
595,67,2026-03-12,2026-03-23,P1,5
596,55,2025-03-31,2025-04-14,P3,5
597,12,2025-04-08,2025-04-16,P4,4
598,25,2025-03-15,2025-03-21,P4,4
599,33,2025-04-03,2025-04-06,P2,4
600,2,2025-11-08,2025-11-16,P2,4
601,62,2025-05-14,2025-05-17,P1,4
602,80,2025-12-29,2026-01-17,P3,4
603,73,2025-03-11,2025-03-21,P1,5
604,99,2025-10-22,2025-11-02,P4,5
605,64,2025-11-08,2025-11-27,P2,3
606,63,2025-04-18,2025-05-02,P2,4
607,67,2026-01-05,,P1,
608,17,2025-10-26,,P3,
609,14,2025-02-22,,P2,
610,7,2025-02-24,2025-02-24,P1,3
611,23,2026-03-21,2026-03-29,P3,4
612,92,2026-01-10,2026-01-13,P2,3
613,24,2025-04-27,2025-05-02,P2,4
614,68,2026-01-21,2026-01-31,P4,5
615,8,2026-04-27,2026-05-15,P1,4
616,32,2025-09-03,2025-09-03,P4,5
617,67,2025-04-16,2025-05-01,P1,2
618,55,2026-02-22,2026-03-11,P1,4
619,67,2025-01-04,2025-01-23,P4,4
620,9,2025-07-10,2025-07-13,P4,2
621,108,2025-10-06,2025-10-15,P2,4
622,70,2025-01-02,2025-01-08,P4,3
623,95,2026-02-16,2026-02-23,P2,2
624,58,2025-02-01,2025-02-09,P3,4
625,108,2025-07-07,2025-07-17,P4,4
626,2,2025-01-08,2025-01-18,P3,5
627,84,2026-04-28,2026-05-14,P3,5
628,71,2026-01-06,2026-01-09,P1,5
629,86,2025-10-12,2025-10-17,P3,5
630,8,2026-02-17,2026-02-21,P4,4
631,62,2025-10-30,2025-11-16,P4,5
632,95,2025-07-01,2025-07-08,P4,5
633,99,2025-05-31,2025-06-03,P2,5
634,28,2026-01-16,2026-01-17,P4,1
635,54,2025-12-15,,P4,
636,28,2026-01-27,,P1,
637,92,2025-08-09,2025-08-11,P3,5
638,44,2026-01-16,,P2,
639,63,2025-04-16,2025-04-19,P1,3
640,30,2025-09-07,2025-09-22,P1,5
641,100,2026-05-01,2026-05-07,P2,4
642,4,2025-08-01,2025-08-04,P1,4
643,2,2025-05-27,2025-06-07,P2,1
644,104,2025-02-19,2025-03-03,P3,3
645,17,2025-06-02,2025-06-15,P2,5
646,19,2025-07-04,,P4,
647,43,2026-03-04,2026-03-08,P3,4
648,92,2026-04-02,2026-04-09,P4,5
649,80,2025-11-22,2025-11-25,P2,5
650,96,2026-01-08,2026-01-09,P1,4
651,109,2025-04-30,2025-05-10,P1,5
652,69,2025-02-20,2025-03-10,P4,5
653,70,2026-03-17,2026-03-25,P4,4
654,96,2025-12-23,2026-01-09,P4,5
655,34,2025-05-31,,P3,
656,34,2025-01-29,2025-02-18,P3,2
657,89,2025-12-07,2025-12-17,P3,5
658,2,2025-10-16,,P4,
659,83,2025-09-13,2025-09-23,P2,4
660,5,2026-04-19,,P3,
661,81,2025-02-10,2025-02-19,P1,4
662,50,2025-11-19,,P1,
663,108,2025-05-11,2025-05-19,P3,4
664,1,2026-05-15,,P3,
665,5,2025-01-12,2025-01-21,P3,3
666,33,2025-11-16,2025-11-30,P3,5
667,94,2026-05-11,2026-05-28,P3,4
668,53,2025-01-10,2025-01-19,P2,4
669,37,2025-07-22,2025-08-04,P1,4
670,11,2026-05-10,2026-05-16,P3,5
671,95,2025-02-10,2025-02-12,P1,2
672,102,2026-02-21,2026-03-05,P3,5
673,8,2025-10-13,2025-10-16,P1,4
674,40,2025-05-04,2025-05-07,P1,1
675,100,2025-09-12,,P4,
676,88,2025-05-21,2025-06-05,P4,4
677,25,2026-02-24,2026-02-27,P2,5
678,100,2026-02-26,2026-03-03,P4,2
679,52,2025-08-30,2025-08-31,P4,4
680,13,2025-07-31,2025-08-16,P4,3
681,76,2025-08-03,2025-08-12,P2,5
682,33,2025-12-16,,P2,
683,24,2025-09-18,2025-09-20,P2,5
684,57,2025-11-20,2025-11-24,P3,5
685,99,2025-09-10,2025-09-29,P4,3
686,96,2026-01-03,2026-01-13,P3,2
687,107,2025-06-03,2025-06-19,P3,4
688,3,2026-04-01,2026-04-01,P3,4
689,109,2026-01-25,2026-02-11,P2,4
690,83,2026-01-19,2026-01-28,P4,5
691,72,2025-01-10,2025-01-30,P4,5
692,51,2025-12-08,2025-12-28,P3,4
693,110,2025-10-20,2025-11-04,P1,4
694,42,2025-05-08,2025-05-16,P1,4
695,110,2025-10-03,2025-10-17,P4,2
696,40,2025-08-15,2025-08-28,P4,4
697,97,2025-01-30,,P1,
698,77,2025-04-08,2025-04-19,P2,5
699,44,2025-10-23,2025-11-12,P4,2
700,75,2025-09-12,2025-09-12,P4,4
701,41,2025-10-22,,P3,
702,109,2025-12-01,2025-12-14,P4,3
703,63,2025-01-24,2025-02-02,P4,5
704,62,2026-04-15,2026-04-18,P4,4
705,109,2026-03-10,2026-03-24,P3,2
706,96,2025-01-10,2025-01-12,P3,5
707,80,2025-05-25,2025-05-26,P3,5
708,59,2026-02-20,2026-03-02,P2,4
709,63,2025-05-13,2025-05-21,P3,4
710,44,2026-01-11,2026-01-21,P4,5
711,107,2026-04-27,2026-05-10,P3,5
712,24,2025-01-02,,P3,
713,28,2026-02-04,2026-02-04,P4,3
714,17,2025-09-28,2025-10-18,P4,5
715,50,2025-10-20,2025-10-30,P4,5
716,8,2026-04-30,2026-05-17,P2,3
717,95,2026-03-28,2026-04-17,P1,5
718,31,2025-07-29,2025-08-11,P2,4
719,100,2025-08-26,2025-09-08,P2,4
720,83,2026-04-09,2026-04-28,P3,5
721,26,2025-12-21,,P4,
722,78,2026-03-02,2026-03-14,P2,4
723,62,2025-09-11,2025-09-25,P3,3
724,63,2025-02-24,2025-03-09,P1,4
725,76,2025-02-27,2025-03-11,P3,5
726,3,2026-03-14,2026-03-29,P2,4
727,45,2025-01-19,2025-01-22,P4,2
728,79,2025-09-01,,P2,
729,27,2025-01-28,2025-02-12,P1,1
730,26,2025-04-21,2025-04-30,P2,4
731,27,2026-04-30,2026-05-15,P4,3
732,74,2026-03-17,2026-03-22,P3,3
733,13,2025-10-10,,P4,
734,87,2025-10-23,2025-11-12,P1,4
735,16,2025-11-27,2025-12-02,P3,4
736,6,2025-05-07,2025-05-09,P4,4
737,77,2026-04-09,2026-04-12,P3,5
738,13,2026-05-16,2026-05-18,P2,1
739,106,2025-04-29,2025-05-17,P1,5
740,48,2025-11-05,2025-11-17,P3,5
741,20,2025-04-22,2025-05-10,P2,3
742,72,2025-12-12,2025-12-18,P3,4
743,21,2025-09-29,2025-10-15,P4,3
744,31,2025-06-06,2025-06-26,P1,5
745,95,2025-05-05,2025-05-05,P4,5
746,61,2026-02-09,2026-02-13,P4,2
747,74,2025-04-15,2025-04-17,P3,4
748,46,2025-04-12,2025-04-17,P2,4
749,36,2026-03-18,2026-04-07,P2,5
750,89,2025-08-27,2025-08-31,P4,4
751,98,2025-12-29,2026-01-13,P3,3
752,77,2025-02-10,2025-02-15,P4,5
753,22,2025-09-17,2025-10-02,P4,4
754,79,2025-02-12,2025-02-13,P2,4
755,77,2025-07-13,2025-08-01,P2,4
756,107,2026-01-19,,P3,
757,63,2025-04-23,2025-04-25,P1,2
758,37,2025-01-11,,P1,
759,59,2026-02-17,2026-02-20,P3,3
760,32,2026-02-07,2026-02-14,P2,5
761,55,2025-07-06,2025-07-20,P4,2
762,29,2026-02-14,2026-02-25,P2,2
763,48,2025-04-18,2025-04-20,P1,1
764,93,2025-06-15,2025-07-01,P2,4
765,12,2026-02-21,2026-02-28,P1,5
766,86,2025-12-21,2026-01-04,P4,3
767,47,2025-08-01,2025-08-01,P1,5
768,24,2026-04-29,2026-05-02,P4,5
769,28,2025-08-21,2025-08-27,P1,4
770,11,2026-03-07,,P3,
771,73,2025-03-29,2025-04-11,P2,5
772,21,2026-05-02,,P1,
773,54,2025-02-09,2025-02-15,P4,4
774,52,2025-01-28,2025-02-02,P1,4
775,35,2025-05-08,2025-05-18,P3,1
776,107,2025-08-30,,P1,
777,101,2025-01-17,2025-01-26,P3,2
778,96,2025-05-05,2025-05-07,P3,4
779,79,2026-05-11,2026-05-31,P2,5
780,62,2025-07-27,2025-08-15,P3,5
781,102,2026-04-20,2026-05-05,P4,4
782,7,2026-03-10,2026-03-20,P3,4
783,49,2025-03-18,2025-03-28,P3,1
784,22,2025-04-02,2025-04-11,P1,3
785,50,2025-10-30,2025-11-07,P4,5
786,97,2025-02-26,2025-03-13,P1,3
787,95,2025-09-23,2025-09-28,P1,4
788,39,2025-10-15,2025-11-01,P1,2
789,48,2026-05-09,,P1,
790,73,2025-09-13,2025-09-23,P2,4
791,52,2025-09-09,2025-09-26,P1,5
792,34,2025-05-19,,P3,
793,36,2026-01-18,2026-01-22,P2,5
794,96,2025-07-27,2025-08-11,P1,1
795,90,2025-06-27,,P1,
796,30,2025-08-13,2025-08-29,P2,5
797,53,2025-09-19,2025-09-27,P4,5
798,6,2025-05-31,2025-06-04,P1,4
799,38,2025-03-18,2025-03-18,P1,4
800,57,2025-12-01,,P1,
801,34,2025-04-23,2025-05-06,P2,4
802,77,2026-01-19,2026-02-08,P1,4
803,88,2025-01-25,2025-02-04,P1,5
804,42,2025-01-20,2025-01-20,P1,4
805,89,2026-03-02,2026-03-16,P1,5
806,1,2026-04-06,2026-04-20,P2,4
807,65,2025-05-26,2025-06-06,P4,4
808,62,2025-09-04,2025-09-05,P1,4
809,78,2026-01-07,2026-01-12,P2,3
810,39,2025-10-28,2025-10-31,P2,1
811,15,2025-07-05,2025-07-10,P3,3
812,80,2025-09-06,2025-09-23,P4,4
813,36,2026-02-06,2026-02-07,P1,5
814,22,2025-12-18,2025-12-19,P3,4
815,104,2025-05-27,2025-06-10,P1,5
816,12,2025-04-01,2025-04-06,P2,4
817,8,2025-09-30,2025-10-06,P1,5
818,20,2025-07-03,2025-07-18,P1,1
819,109,2025-07-26,2025-08-15,P4,1
820,92,2025-05-04,,P3,
821,44,2025-11-13,2025-11-24,P3,4
822,16,2025-07-20,2025-08-03,P4,5
823,91,2025-07-31,2025-08-04,P3,4
824,70,2026-03-17,2026-03-29,P4,5
825,110,2025-01-28,2025-02-01,P4,3
826,66,2025-09-07,2025-09-13,P2,5
827,23,2025-06-17,2025-06-25,P1,5
828,50,2025-11-11,,P4,
829,72,2026-02-14,2026-02-28,P4,5
830,13,2026-02-23,2026-03-12,P3,4
831,16,2026-01-22,2026-01-23,P4,4
832,50,2025-06-15,2025-07-02,P2,3
833,110,2025-12-31,2026-01-18,P1,1
834,36,2025-08-09,2025-08-10,P4,5
835,1,2025-12-29,2026-01-15,P4,5
836,5,2025-07-16,2025-07-24,P2,5
837,61,2025-07-10,2025-07-29,P4,3
838,79,2026-05-16,2026-05-17,P2,5
839,8,2025-05-15,,P4,
840,84,2025-09-29,,P4,
841,55,2025-05-15,,P2,
842,1,2025-12-18,2025-12-19,P1,4
843,110,2025-03-02,2025-03-21,P4,5
844,43,2025-06-02,2025-06-17,P1,4
845,70,2025-05-25,2025-05-30,P2,1
846,66,2025-03-26,2025-04-11,P2,1
847,45,2025-06-11,2025-06-18,P2,4
848,69,2025-07-04,2025-07-06,P1,4
849,15,2025-04-07,2025-04-17,P1,4
850,103,2025-08-13,2025-08-30,P3,5
851,2,2026-01-04,2026-01-15,P1,5
852,68,2025-11-22,,P1,
853,46,2026-01-19,2026-01-21,P1,2
854,92,2026-04-25,2026-04-25,P1,4
855,36,2026-01-12,,P4,
856,75,2025-11-06,2025-11-12,P4,5
857,53,2025-12-25,2026-01-13,P3,5
858,58,2025-04-26,2025-05-12,P1,4
859,73,2026-04-25,2026-04-29,P2,3
860,78,2025-01-25,2025-02-06,P2,4
861,53,2026-02-20,2026-02-21,P1,3
862,27,2025-09-02,2025-09-08,P1,3
863,18,2025-11-27,2025-12-07,P2,5
864,56,2025-07-19,2025-08-06,P3,3
865,27,2026-05-11,2026-05-24,P1,5
866,85,2025-06-06,2025-06-16,P3,4
867,48,2026-05-03,2026-05-16,P1,2
868,97,2025-10-06,2025-10-24,P3,2
869,49,2025-12-26,2026-01-02,P1,5
870,69,2025-08-18,2025-09-06,P4,4
871,100,2025-04-27,2025-05-04,P2,5
872,26,2025-01-05,2025-01-13,P2,5
873,105,2025-04-24,2025-05-10,P1,5
874,85,2025-10-19,,P2,
875,42,2025-01-14,2025-02-02,P4,5
876,3,2025-05-13,,P3,
877,32,2026-02-01,2026-02-18,P4,5
878,66,2025-06-05,,P4,
879,84,2025-03-20,,P2,
880,60,2025-06-11,2025-06-26,P4,4
881,26,2025-07-31,,P2,
882,63,2025-04-10,,P2,
883,26,2025-04-08,2025-04-09,P2,1
884,38,2025-08-26,,P4,
885,47,2025-02-20,2025-03-08,P1,4
886,1,2025-10-16,2025-11-01,P4,5
887,108,2025-04-07,2025-04-19,P2,5
888,65,2025-11-29,,P4,
889,70,2026-05-01,2026-05-19,P4,1
890,110,2026-02-10,2026-02-26,P2,4
891,63,2025-10-29,2025-10-30,P3,5
892,22,2025-10-06,2025-10-14,P1,4
893,55,2025-10-07,2025-10-09,P2,4
894,81,2025-05-27,2025-05-30,P4,4
895,78,2025-08-15,2025-08-15,P1,1
896,68,2025-04-19,2025-04-27,P3,1
897,93,2025-05-13,2025-05-21,P1,5
898,105,2026-02-13,2026-02-21,P2,4
899,33,2025-08-02,2025-08-12,P4,5
900,95,2025-11-21,2025-11-25,P2,3
901,9,2025-12-10,2025-12-26,P4,4
902,96,2026-01-08,2026-01-21,P4,4
903,82,2025-12-17,2025-12-26,P4,1
904,93,2025-10-12,2025-10-12,P2,3
905,83,2026-02-02,2026-02-12,P4,5
906,14,2025-03-06,2025-03-19,P4,5
907,3,2025-05-28,2025-05-30,P4,5
908,70,2026-05-02,,P4,
909,26,2026-01-01,2026-01-03,P1,3
910,108,2025-09-02,2025-09-12,P4,3
911,77,2025-11-05,2025-11-13,P2,3
912,107,2025-02-26,2025-03-13,P2,3
913,93,2026-02-18,2026-02-19,P4,5
914,53,2025-08-11,,P3,
915,106,2025-01-08,2025-01-22,P4,5
916,33,2026-04-05,2026-04-05,P4,4
917,38,2025-07-28,2025-08-09,P4,4
918,66,2025-12-06,2025-12-16,P2,4
919,41,2026-04-08,2026-04-18,P3,4
920,43,2025-10-15,2025-10-28,P2,3
921,74,2025-11-07,2025-11-08,P4,3
922,61,2025-11-12,,P1,
923,13,2025-06-10,,P2,
924,57,2026-01-03,2026-01-10,P2,5
925,31,2025-11-12,2025-11-16,P4,5
926,18,2025-03-21,2025-04-01,P4,3
927,24,2025-10-16,2025-10-29,P1,5
928,30,2025-07-04,2025-07-16,P1,3
929,72,2026-04-13,2026-04-22,P1,5
930,91,2025-06-06,2025-06-24,P2,3
931,81,2025-07-07,2025-07-07,P1,1
932,20,2026-02-25,2026-03-10,P4,3
933,82,2026-02-28,2026-03-01,P3,4
934,78,2026-02-05,2026-02-06,P1,5
935,7,2025-11-02,2025-11-05,P3,4
936,40,2025-06-23,2025-07-02,P1,3
937,13,2025-08-31,2025-09-16,P2,5
938,84,2026-01-12,2026-01-27,P2,5
939,103,2026-02-25,2026-02-25,P2,4
940,44,2025-12-07,2025-12-24,P4,5
941,88,2026-04-22,,P2,
942,21,2025-02-25,2025-03-10,P4,4
943,73,2026-03-30,,P4,
944,8,2025-11-18,2025-12-05,P1,4
945,16,2026-02-21,,P3,
946,1,2025-11-24,2025-11-28,P4,5
947,35,2025-04-01,2025-04-05,P3,5
948,32,2025-06-08,2025-06-26,P4,5
949,44,2025-03-13,2025-03-26,P1,5
950,109,2025-06-13,2025-06-19,P3,5
951,11,2025-02-11,,P3,
952,90,2025-10-21,2025-11-01,P4,5
953,44,2025-07-03,2025-07-22,P3,4
954,73,2026-04-23,,P1,
955,87,2025-06-26,2025-07-06,P2,5
956,98,2025-04-27,2025-04-28,P3,2
957,94,2025-04-29,2025-04-29,P2,3
958,78,2026-05-07,2026-05-22,P3,3
959,30,2025-04-27,2025-05-01,P4,4
960,68,2025-08-08,2025-08-23,P1,5
961,38,2026-03-15,2026-03-30,P4,2
962,93,2025-05-21,2025-06-09,P2,5
963,85,2026-02-01,,P1,
964,53,2025-08-19,2025-09-08,P1,5
965,3,2025-01-17,2025-02-05,P3,4
966,23,2025-11-11,2025-11-27,P1,4
967,49,2025-11-22,2025-11-30,P2,2
968,55,2025-07-02,2025-07-18,P1,4
969,99,2025-04-03,2025-04-12,P3,2
970,83,2025-07-06,2025-07-21,P3,4
971,99,2026-03-11,2026-03-27,P3,3
972,49,2025-06-29,2025-07-02,P2,5
973,37,2025-04-15,2025-04-23,P4,5
974,89,2025-01-14,2025-01-30,P2,4
975,10,2026-04-27,2026-05-04,P3,4
976,31,2025-06-15,2025-06-29,P3,5
977,110,2025-06-16,,P4,
978,27,2025-12-20,2025-12-23,P1,3
979,102,2025-02-06,2025-02-11,P1,4
980,85,2025-09-19,2025-09-21,P4,3
981,71,2025-09-16,2025-10-04,P4,4
982,7,2025-09-07,2025-09-08,P1,1
983,80,2025-07-09,2025-07-29,P2,4
984,50,2025-12-09,2025-12-15,P3,4
985,92,2025-12-03,2025-12-09,P2,4
986,1,2026-05-06,2026-05-21,P4,2
987,6,2025-09-04,2025-09-20,P2,5
988,57,2025-11-06,2025-11-22,P2,5
989,90,2026-05-12,2026-06-01,P4,4
990,107,2026-03-04,2026-03-10,P3,5
991,47,2025-05-22,,P2,
992,65,2026-04-14,2026-04-25,P2,5
993,68,2025-03-26,2025-04-07,P1,5
994,13,2025-08-03,,P3,
995,22,2025-09-04,2025-09-13,P4,5
996,13,2025-07-04,2025-07-24,P2,3
997,10,2026-05-15,2026-06-04,P2,5
998,10,2026-02-11,2026-02-17,P3,5
999,50,2026-03-27,2026-03-29,P1,4
1000,110,2025-08-26,2025-09-07,P1,2
1001,103,2025-01-11,2025-01-11,P4,3
1002,40,2025-12-06,2025-12-25,P4,4
1003,8,2026-01-29,2026-01-29,P3,4
1004,30,2025-09-20,,P4,
1005,25,2025-02-18,2025-03-09,P2,4
1006,64,2026-03-04,2026-03-16,P4,3
1007,82,2025-10-22,2025-10-27,P4,5
1008,37,2025-12-12,2025-12-24,P4,3
1009,41,2025-04-10,,P3,
1010,21,2025-12-09,2025-12-17,P4,3
1011,18,2026-03-16,2026-03-16,P2,4
1012,94,2025-02-19,2025-02-28,P3,3
1013,104,2026-02-05,2026-02-08,P3,4
1014,41,2026-05-12,2026-05-30,P4,5
1015,23,2025-11-21,2025-11-29,P1,4
1016,74,2026-05-01,2026-05-05,P1,4
1017,109,2025-07-01,2025-07-15,P4,3
1018,68,2025-06-19,2025-06-19,P1,2
1019,70,2025-03-21,,P1,
1020,102,2025-01-16,,P4,
1021,58,2025-03-08,2025-03-08,P3,4
1022,36,2026-03-01,2026-03-12,P1,5
1023,80,2025-07-28,2025-08-09,P1,5
1024,12,2026-01-04,,P3,
1025,31,2025-05-20,2025-05-20,P2,1
1026,51,2025-12-01,2025-12-12,P3,4
1027,60,2025-07-09,2025-07-22,P4,5
1028,47,2026-01-17,2026-01-31,P4,5
1029,62,2026-05-14,,P1,
1030,44,2025-01-02,2025-01-15,P2,4
1031,31,2025-05-05,2025-05-06,P4,3
1032,98,2025-12-26,,P4,
1033,82,2025-01-12,2025-01-25,P3,5
1034,29,2026-03-12,2026-03-26,P1,5
1035,42,2025-04-15,2025-04-24,P4,4
1036,91,2025-09-28,2025-09-30,P2,5
1037,75,2025-04-14,2025-04-15,P4,5
1038,15,2025-06-30,2025-07-01,P1,5
1039,56,2025-07-23,2025-07-26,P4,2
1040,109,2026-03-22,,P1,
1041,35,2025-03-02,2025-03-05,P4,5
1042,57,2025-11-08,2025-11-21,P3,2
1043,53,2025-08-15,2025-08-16,P1,4
1044,71,2025-08-25,2025-09-02,P2,5
1045,20,2025-11-06,2025-11-22,P4,4
1046,70,2025-09-22,2025-10-01,P2,4
1047,33,2026-02-03,2026-02-09,P4,4
1048,69,2025-12-18,2025-12-31,P3,4
1049,65,2025-04-06,,P1,
1050,73,2026-01-01,,P3,
1051,33,2025-09-07,2025-09-17,P1,4
1052,104,2025-04-10,2025-04-16,P1,5
1053,9,2026-03-04,2026-03-14,P1,5
1054,36,2025-01-10,2025-01-27,P3,4
1055,97,2026-03-03,2026-03-15,P1,4
1056,83,2025-05-03,,P3,
1057,8,2025-10-18,2025-10-26,P2,3
1058,85,2025-02-24,2025-03-07,P2,4
1059,61,2025-10-03,2025-10-05,P1,2
1060,47,2025-02-24,2025-03-12,P4,5
1061,104,2025-10-25,,P4,
1062,77,2025-01-25,2025-02-03,P3,4
1063,8,2026-01-30,2026-02-10,P3,4
1064,13,2025-11-06,2025-11-13,P4,5
1065,72,2025-10-17,2025-10-19,P1,5
1066,80,2026-05-16,2026-05-21,P1,5
1067,3,2025-11-16,2025-12-02,P1,4
1068,82,2025-08-05,,P3,
1069,40,2026-03-17,2026-03-19,P4,4
1070,13,2025-02-22,2025-03-09,P3,5
1071,21,2026-05-12,2026-05-12,P1,5
1072,72,2026-05-12,2026-05-12,P3,4
1073,71,2025-03-20,2025-03-28,P4,1
1074,63,2025-12-31,2026-01-18,P4,4
1075,23,2025-05-26,,P1,
1076,26,2025-02-12,,P4,
1077,12,2025-08-18,2025-08-29,P2,4
1078,99,2025-03-19,2025-03-28,P4,4
1079,54,2025-05-16,2025-06-05,P3,4
1080,65,2026-04-23,2026-04-29,P1,4
1081,11,2025-01-06,2025-01-10,P2,5
1082,28,2025-05-15,2025-06-03,P4,5
1083,97,2025-09-06,,P3,
1084,74,2025-06-06,2025-06-11,P3,3
1085,95,2025-07-09,2025-07-17,P2,3
1086,12,2025-05-04,2025-05-20,P3,2
1087,83,2026-03-16,2026-03-26,P1,4
1088,87,2026-05-10,2026-05-21,P3,2
1089,48,2026-02-17,2026-02-24,P4,5
1090,47,2025-01-08,2025-01-24,P2,4
1091,16,2025-08-25,2025-09-04,P2,5
1092,88,2026-01-03,2026-01-10,P2,3
1093,13,2026-01-14,2026-01-20,P4,5
1094,102,2025-10-22,2025-11-04,P1,4
1095,63,2025-04-12,2025-04-19,P3,1
1096,110,2025-12-20,2025-12-30,P1,5
1097,40,2026-02-05,2026-02-21,P1,5
1098,61,2026-03-16,2026-04-02,P3,4
1099,95,2025-06-27,2025-07-13,P2,3
1100,94,2026-01-19,,P4,
1101,97,2025-03-22,2025-04-11,P4,5
1102,93,2025-04-22,,P1,
1103,48,2025-06-30,2025-07-17,P4,5
1104,19,2026-01-22,2026-01-28,P4,5
1105,59,2025-07-11,,P3,
1106,26,2026-03-12,2026-03-16,P1,4
1107,100,2025-04-21,2025-04-30,P3,5
1108,57,2025-09-02,2025-09-12,P4,5
1109,28,2026-01-12,,P4,
1110,76,2025-10-28,2025-11-14,P3,4
1111,32,2025-09-17,2025-09-22,P1,4
1112,103,2025-04-01,2025-04-05,P4,5
1113,103,2026-02-28,2026-03-10,P2,5
1114,98,2025-11-27,2025-12-12,P3,4
1115,43,2025-02-28,2025-03-05,P2,5
1116,22,2025-03-20,2025-03-20,P2,5
1117,101,2025-05-24,2025-06-06,P2,5
1118,76,2025-10-17,2025-10-29,P4,4
1119,10,2025-10-14,,P4,
1120,73,2025-10-31,2025-11-20,P3,4
1121,10,2025-01-19,2025-01-31,P2,4
1122,79,2025-03-14,2025-03-16,P4,5
1123,2,2025-06-06,2025-06-11,P4,4
1124,102,2026-02-13,2026-02-16,P2,3
1125,82,2025-01-07,2025-01-18,P4,4
1126,23,2025-06-11,,P4,
1127,79,2025-06-03,2025-06-05,P1,4
1128,87,2026-05-10,2026-05-27,P4,5
1129,98,2025-01-16,,P1,
1130,59,2025-02-20,2025-03-01,P2,3
1131,91,2025-07-24,2025-07-24,P1,5
1132,65,2025-11-29,2025-12-09,P3,5
1133,34,2026-02-05,2026-02-13,P2,5
1134,100,2025-02-27,2025-03-05,P4,5
1135,64,2026-03-14,2026-03-27,P2,4
1136,100,2026-04-28,2026-04-30,P1,2
1137,103,2025-06-05,2025-06-12,P2,3
1138,6,2026-01-30,2026-02-17,P4,4
1139,43,2026-05-06,2026-05-18,P2,5
1140,16,2025-10-12,2025-10-15,P1,5
1141,104,2025-09-27,2025-10-12,P1,3
1142,92,2026-05-04,,P2,
1143,50,2025-07-02,2025-07-21,P1,4
1144,28,2025-01-30,2025-02-03,P1,2
1145,63,2025-09-28,2025-10-01,P3,5
1146,23,2025-12-27,2026-01-03,P3,4
1147,68,2025-10-06,,P1,
1148,69,2025-06-12,2025-07-01,P2,1
1149,4,2026-03-15,,P3,
1150,17,2026-03-20,2026-04-03,P1,4
1151,2,2025-10-22,2025-11-02,P1,5
1152,106,2025-02-05,2025-02-19,P3,5
1153,9,2025-04-26,2025-05-08,P2,3
1154,70,2025-11-30,,P4,
1155,5,2025-04-01,2025-04-01,P1,5
1156,107,2025-11-02,,P3,
1157,50,2025-11-12,,P2,
1158,105,2025-07-26,2025-07-27,P4,4
1159,21,2025-01-19,2025-02-08,P1,4
1160,56,2026-01-12,2026-01-18,P3,5
1161,30,2025-05-04,2025-05-10,P4,2
1162,91,2025-04-06,2025-04-19,P1,5
1163,40,2026-03-08,2026-03-26,P4,5
1164,32,2025-01-19,2025-01-30,P3,5
1165,13,2025-04-16,2025-04-23,P4,1
1166,57,2025-04-14,2025-04-15,P2,5
1167,38,2026-05-15,2026-05-15,P2,2
1168,44,2025-10-18,2025-11-07,P2,4
1169,31,2025-10-16,2025-10-17,P3,4
1170,62,2025-05-23,2025-05-29,P3,2
1171,65,2025-01-10,,P3,
1172,14,2025-07-20,2025-07-24,P1,4
1173,12,2026-01-01,2026-01-10,P1,3
1174,35,2025-07-20,,P1,
1175,29,2025-10-23,2025-10-31,P3,5
1176,108,2025-07-04,2025-07-20,P3,5
1177,50,2026-03-17,2026-03-26,P1,2
1178,98,2025-11-27,,P2,
1179,22,2025-01-02,2025-01-05,P1,4
1180,52,2026-01-16,2026-01-16,P4,2
1181,99,2025-06-28,2025-06-29,P2,4
1182,50,2026-02-22,2026-03-08,P1,4
1183,36,2025-07-25,2025-07-28,P2,4
1184,87,2025-11-23,2025-12-09,P2,3
1185,94,2025-11-06,2025-11-19,P4,4
1186,101,2026-05-05,,P1,
1187,33,2026-03-09,2026-03-26,P1,2
1188,107,2025-04-27,2025-05-09,P3,4
1189,63,2025-07-12,,P3,
1190,101,2025-03-15,,P4,
1191,38,2025-06-22,,P3,
1192,47,2025-10-25,2025-11-05,P1,5
1193,7,2025-03-16,2025-04-05,P4,1
1194,93,2025-10-26,2025-11-06,P3,3
1195,55,2026-04-12,2026-04-20,P2,4
1196,76,2025-05-11,2025-05-17,P1,2
1197,73,2025-09-24,2025-09-29,P1,2
1198,34,2025-12-30,2026-01-12,P2,4
1199,108,2025-04-12,,P3,
1200,15,2025-09-09,2025-09-10,P2,1
1201,47,2025-03-28,2025-04-07,P1,5
1202,25,2025-05-11,2025-05-13,P2,3
1203,70,2025-01-15,2025-02-02,P4,5
1204,48,2025-05-17,,P2,
1205,58,2025-11-11,2025-11-12,P2,4
1206,71,2025-02-28,2025-03-14,P4,3
1207,80,2025-11-19,,P2,
1208,103,2025-10-27,2025-11-09,P4,5
1209,14,2025-03-11,2025-03-12,P3,5
1210,50,2025-05-23,2025-06-05,P4,5
1211,34,2025-08-26,2025-09-12,P3,4
1212,7,2025-10-12,2025-10-20,P1,2
1213,84,2026-03-20,2026-03-29,P2,5
1214,46,2025-08-28,2025-08-28,P2,4
1215,66,2025-08-10,,P3,
1216,81,2025-06-21,2025-06-24,P2,4
1217,42,2025-12-16,2025-12-26,P4,3
1218,44,2026-03-03,,P1,
1219,108,2025-10-16,,P3,
1220,24,2025-09-29,2025-10-05,P1,5
1221,109,2026-03-17,2026-03-27,P4,5
1222,29,2026-04-01,2026-04-01,P1,4
1223,30,2025-10-15,2025-10-31,P4,2
1224,82,2025-09-01,2025-09-15,P1,4
1225,75,2026-03-19,2026-04-08,P1,1
1226,109,2025-09-08,2025-09-11,P3,1
1227,63,2025-05-31,2025-06-09,P1,5
1228,109,2025-08-12,2025-08-30,P3,5
1229,32,2025-09-19,2025-10-03,P3,4
1230,32,2025-03-01,2025-03-21,P4,5
1231,64,2025-08-06,2025-08-25,P2,5
1232,73,2025-07-13,2025-07-18,P4,3
1233,28,2025-03-27,2025-04-04,P1,4
1234,25,2025-12-13,2026-01-02,P1,4
1235,42,2025-07-29,2025-08-10,P1,5
1236,34,2025-02-02,2025-02-09,P4,1
1237,51,2025-09-23,2025-10-13,P4,3
1238,50,2026-02-20,,P4,
1239,5,2026-04-23,2026-05-04,P1,4
1240,61,2026-02-10,2026-02-10,P2,3
1241,55,2026-01-19,2026-01-26,P2,5
1242,60,2025-05-08,,P2,
1243,10,2025-09-27,2025-10-05,P3,2
1244,87,2025-09-04,2025-09-07,P2,5
1245,53,2025-03-05,,P3,
1246,60,2025-07-15,,P2,
1247,33,2025-08-25,2025-09-11,P2,5
1248,94,2025-06-26,2025-07-05,P3,5
1249,45,2026-02-11,2026-02-24,P2,4
1250,9,2025-11-30,2025-12-03,P3,4
1251,76,2025-04-01,2025-04-13,P1,4
1252,2,2025-10-07,2025-10-27,P2,4
1253,71,2025-04-10,2025-04-11,P3,4
1254,61,2025-09-17,2025-09-20,P1,5
1255,67,2025-09-29,2025-09-30,P3,5
1256,9,2025-09-18,,P2,
1257,37,2025-05-26,2025-06-07,P2,3
1258,56,2025-02-03,2025-02-17,P1,5
1259,104,2025-10-07,2025-10-21,P2,5
1260,11,2025-05-15,2025-06-02,P1,2
1261,25,2025-08-20,2025-08-24,P2,4
1262,67,2026-01-17,2026-01-17,P2,1
1263,1,2026-02-02,2026-02-22,P3,5
1264,73,2025-02-27,,P3,
1265,63,2025-07-31,2025-08-08,P2,5
1266,72,2025-12-20,2026-01-02,P2,2
1267,94,2025-09-01,2025-09-21,P4,5
1268,104,2025-12-23,,P1,
1269,47,2025-06-26,2025-07-02,P2,3
1270,5,2026-04-23,,P4,
1271,63,2025-02-02,,P2,
1272,32,2025-09-15,,P4,
1273,98,2025-09-24,2025-10-08,P4,3
1274,40,2025-11-03,2025-11-03,P3,4
1275,68,2025-09-18,,P1,
1276,32,2025-10-28,2025-10-30,P2,4
1277,68,2025-09-19,2025-09-26,P3,4
1278,82,2025-10-18,2025-10-25,P2,5
1279,102,2025-04-05,2025-04-19,P3,4
1280,55,2025-10-20,2025-10-31,P4,4
1281,76,2025-09-22,2025-09-26,P2,5
1282,6,2025-08-13,2025-08-18,P4,5
1283,13,2026-03-17,2026-03-19,P2,5
1284,30,2025-01-27,2025-02-08,P3,1
1285,50,2025-09-09,2025-09-10,P1,3
1286,109,2025-03-19,2025-04-05,P3,1
1287,57,2025-02-23,,P2,
1288,97,2025-08-03,2025-08-07,P3,4
1289,52,2025-04-06,2025-04-12,P4,4
1290,90,2025-02-05,2025-02-20,P2,5
1291,103,2025-08-20,2025-09-03,P4,1
1292,98,2025-04-07,2025-04-26,P1,5
1293,91,2025-05-03,2025-05-16,P1,5
1294,55,2025-07-04,2025-07-19,P3,5
1295,83,2025-04-23,2025-05-06,P2,5
1296,61,2026-01-15,2026-01-26,P3,2
1297,46,2025-04-24,2025-05-04,P4,4
1298,68,2025-07-05,2025-07-23,P3,4
1299,65,2025-04-30,,P2,
1300,57,2025-05-30,2025-06-08,P2,4
1301,25,2026-01-24,2026-02-12,P3,4
1302,17,2025-05-18,2025-05-26,P4,3
1303,64,2025-11-24,2025-11-25,P2,5
1304,80,2025-06-20,2025-07-08,P4,5
1305,98,2025-02-25,2025-02-25,P4,4
1306,27,2026-01-27,2026-02-01,P1,1
1307,39,2025-04-20,2025-05-05,P4,4
1308,79,2026-04-02,2026-04-19,P4,4
1309,41,2025-06-13,,P4,
1310,100,2026-03-13,2026-03-16,P1,4
1311,64,2026-03-11,2026-03-27,P1,5
1312,31,2025-03-07,2025-03-26,P4,3
1313,102,2025-07-07,2025-07-25,P1,4
1314,9,2026-03-31,2026-04-12,P3,4
1315,61,2025-06-04,2025-06-20,P1,4
1316,2,2025-12-17,2026-01-01,P3,5
1317,51,2025-01-31,2025-02-10,P3,4
1318,15,2025-01-27,2025-02-14,P4,5
1319,49,2026-02-28,2026-03-03,P1,5
1320,85,2025-06-25,2025-07-01,P4,4
1321,3,2026-02-16,2026-02-21,P4,5
1322,77,2025-08-26,,P1,
1323,38,2025-04-20,2025-04-27,P4,5
1324,80,2026-05-15,2026-05-29,P3,4
1325,34,2025-07-21,2025-07-21,P2,3
1326,54,2025-01-11,2025-01-22,P2,5
1327,105,2025-11-19,2025-11-28,P4,4
1328,76,2025-07-24,2025-08-05,P1,4
1329,66,2025-08-27,2025-09-06,P1,1
1330,38,2025-11-24,2025-11-24,P3,5
1331,68,2025-08-16,2025-08-24,P4,3
1332,16,2026-04-10,2026-04-28,P1,5
1333,22,2025-03-22,2025-04-11,P1,4
1334,77,2025-11-28,2025-12-07,P1,5
1335,88,2025-03-25,2025-03-27,P3,3
1336,43,2026-03-02,2026-03-16,P1,4
1337,61,2025-04-05,2025-04-15,P4,5
1338,17,2026-04-26,,P2,
1339,54,2025-06-28,2025-07-12,P4,5
1340,90,2025-02-07,2025-02-27,P1,2
1341,37,2025-02-20,2025-02-27,P4,4
1342,63,2025-11-07,2025-11-18,P2,5
1343,96,2025-03-07,2025-03-11,P4,4
1344,28,2025-08-28,2025-08-30,P3,4
1345,100,2025-08-20,2025-09-07,P1,5
1346,108,2025-11-06,2025-11-15,P2,5
1347,69,2025-12-27,2026-01-15,P3,3
1348,27,2025-10-14,2025-10-30,P4,5
1349,52,2025-10-20,2025-10-28,P4,3
1350,50,2025-09-07,2025-09-15,P4,4
1351,78,2026-03-23,2026-03-23,P4,4
1352,30,2025-10-17,2025-10-19,P2,3
1353,42,2025-10-27,2025-10-28,P3,5
1354,79,2025-01-28,2025-02-06,P3,3
1355,24,2025-08-23,2025-08-24,P3,4
1356,44,2026-01-07,2026-01-11,P1,4
1357,78,2025-06-21,2025-06-29,P4,4
1358,36,2026-04-09,2026-04-10,P2,5
1359,79,2025-03-05,2025-03-13,P4,1
1360,70,2025-03-28,2025-04-14,P3,1
1361,53,2025-09-25,2025-10-14,P1,2
1362,72,2025-11-30,2025-12-20,P4,4
1363,1,2026-04-02,2026-04-17,P2,2
1364,108,2026-02-15,2026-03-06,P4,5
1365,58,2026-03-05,2026-03-24,P4,5
1366,89,2026-01-31,2026-02-09,P2,5
1367,12,2026-01-26,2026-02-10,P4,2
1368,24,2025-07-28,2025-08-10,P4,5
1369,9,2025-07-26,2025-08-02,P4,5
1370,27,2026-02-10,,P1,
1371,26,2025-03-14,2025-03-27,P4,5
1372,39,2025-01-14,2025-02-02,P3,4
1373,73,2025-09-07,,P3,
1374,29,2025-07-21,2025-07-30,P2,5
1375,105,2025-05-12,2025-05-30,P2,3
1376,14,2025-12-01,2025-12-15,P1,1
1377,109,2025-02-09,2025-02-14,P3,4
1378,65,2025-03-25,,P1,
1379,102,2025-12-12,2025-12-30,P2,1
1380,110,2025-07-17,,P3,
1381,52,2025-09-26,2025-10-09,P1,4
1382,11,2025-11-04,2025-11-09,P3,3
1383,18,2026-02-17,,P3,
1384,16,2026-04-21,2026-05-01,P3,4
1385,89,2026-02-15,2026-02-19,P1,4
1386,84,2026-02-20,2026-02-25,P2,5
1387,103,2025-05-04,2025-05-11,P3,4
1388,20,2025-01-11,2025-01-13,P3,3
1389,58,2025-07-21,,P2,
1390,74,2026-03-07,,P4,
1391,37,2025-02-03,2025-02-03,P1,4
1392,82,2025-11-30,2025-12-15,P4,5
1393,48,2026-02-28,2026-03-04,P4,4
1394,48,2025-12-25,2026-01-05,P2,5
1395,105,2025-12-04,2025-12-05,P3,5
1396,95,2025-07-30,2025-08-13,P3,4
1397,87,2025-01-27,2025-01-29,P2,5
1398,91,2025-09-19,,P3,
1399,87,2025-04-18,2025-04-28,P3,4
1400,106,2025-04-03,2025-04-13,P4,5
1401,17,2026-03-01,2026-03-18,P1,4
1402,64,2025-12-22,,P2,
1403,101,2026-05-06,2026-05-22,P3,5
1404,109,2025-02-07,2025-02-14,P1,3
1405,60,2025-12-11,2025-12-19,P3,4
1406,3,2025-07-11,2025-07-28,P3,3
1407,7,2026-01-24,2026-02-04,P3,4
1408,54,2025-12-31,,P1,
1409,52,2025-11-12,2025-11-12,P1,4
1410,13,2025-11-16,2025-11-27,P4,4
1411,20,2025-06-18,2025-06-25,P3,3
1412,69,2025-05-20,2025-06-01,P3,5
1413,35,2026-04-02,2026-04-06,P3,5
1414,87,2025-01-09,2025-01-10,P2,3
1415,14,2025-10-22,2025-11-02,P4,1
1416,72,2025-09-12,,P3,
1417,88,2025-04-07,,P1,
1418,31,2026-01-24,2026-02-01,P2,5
1419,24,2026-01-17,2026-02-05,P1,4
1420,43,2025-12-15,2025-12-26,P3,4
1421,93,2025-07-15,2025-07-19,P4,4
1422,48,2025-07-16,2025-07-27,P2,4
1423,107,2026-02-19,2026-02-26,P3,4
1424,27,2025-02-06,2025-02-06,P3,4
1425,98,2025-08-16,2025-09-02,P1,5
1426,87,2026-03-10,2026-03-28,P2,3
1427,78,2025-08-17,2025-09-02,P1,5
1428,72,2025-11-05,2025-11-22,P3,4
1429,52,2026-01-23,2026-02-12,P4,1
1430,97,2025-05-30,2025-06-09,P3,3
1431,87,2026-01-18,2026-01-30,P2,1
1432,21,2025-08-18,2025-08-21,P4,5
1433,46,2025-09-24,2025-10-08,P1,2
1434,86,2025-03-09,2025-03-10,P2,5
1435,6,2025-05-10,2025-05-22,P1,4
1436,60,2025-05-28,2025-06-03,P3,4
1437,69,2025-05-09,2025-05-24,P2,3
1438,6,2025-03-18,2025-03-27,P3,3
1439,2,2025-12-16,2025-12-31,P4,2
1440,11,2026-04-11,2026-04-28,P1,5
1441,16,2025-02-04,,P2,
1442,97,2025-07-23,2025-08-07,P1,4
1443,95,2025-07-22,2025-08-10,P2,3
1444,56,2025-02-12,2025-03-04,P4,4
1445,36,2025-09-05,2025-09-07,P2,4
1446,45,2025-04-04,2025-04-18,P1,4
1447,70,2025-05-07,2025-05-10,P2,5
1448,2,2025-11-30,,P4,
1449,11,2025-11-22,2025-12-08,P2,2
1450,73,2026-04-24,,P4,
1451,38,2025-02-05,2025-02-17,P3,5
1452,27,2026-05-02,2026-05-03,P3,1
1453,19,2025-10-12,,P4,
1454,18,2025-04-19,2025-04-23,P3,4
1455,36,2025-08-31,,P1,
1456,102,2025-07-21,2025-07-22,P2,5
1457,63,2026-04-10,2026-04-24,P2,5
1458,10,2025-05-11,2025-05-14,P4,1
1459,21,2026-02-17,,P3,
1460,61,2025-11-14,2025-12-01,P1,5
1461,59,2025-02-01,2025-02-12,P4,3
1462,95,2025-06-19,2025-07-06,P3,4
1463,58,2025-10-31,2025-10-31,P2,5
1464,52,2025-11-18,2025-12-02,P3,4
1465,99,2025-09-08,2025-09-27,P1,5
1466,105,2025-10-26,2025-11-14,P2,4
1467,96,2026-02-27,2026-03-14,P4,4
1468,41,2025-03-25,2025-03-31,P3,4
1469,41,2026-03-06,2026-03-12,P1,5
1470,34,2025-11-10,2025-11-27,P1,5
1471,1,2025-01-13,2025-01-17,P3,5
1472,44,2025-05-15,2025-05-29,P4,5
1473,104,2025-05-29,2025-05-31,P2,3
1474,44,2025-02-11,2025-02-14,P2,5
1475,7,2025-04-09,2025-04-20,P2,2
1476,50,2026-05-05,2026-05-12,P1,5
1477,101,2026-04-30,2026-05-08,P1,5
1478,69,2026-04-01,2026-04-17,P1,5
1479,14,2025-03-27,2025-04-07,P2,4
1480,8,2025-07-23,2025-08-02,P4,5
1481,17,2025-02-17,2025-02-20,P4,2
1482,67,2025-02-24,2025-02-24,P4,5
1483,54,2026-04-06,2026-04-19,P2,5
1484,11,2025-06-20,2025-06-24,P4,4
1485,15,2025-02-07,2025-02-07,P4,1
1486,69,2025-07-30,2025-08-15,P3,3
1487,13,2025-05-29,2025-06-13,P3,4
1488,55,2025-10-09,2025-10-27,P3,4
1489,24,2025-06-25,2025-06-30,P4,4
1490,69,2025-10-26,2025-11-13,P4,4
1491,104,2026-01-21,2026-01-28,P1,4
1492,50,2025-11-17,,P2,
1493,86,2025-11-30,2025-12-07,P1,5
1494,13,2025-05-16,2025-05-16,P1,4
1495,87,2025-08-14,2025-09-03,P1,4
1496,80,2025-11-09,2025-11-21,P2,4
1497,19,2025-04-25,2025-04-26,P4,4
1498,20,2025-06-22,2025-07-10,P3,5
1499,82,2026-05-09,2026-05-29,P2,5
1500,30,2026-02-16,2026-03-04,P2,2
1501,97,2025-12-16,2026-01-03,P1,5
1502,56,2025-04-05,2025-04-22,P3,4
1503,93,2025-12-23,2026-01-05,P2,5
1504,4,2026-05-12,2026-05-30,P1,4
1505,82,2025-09-25,2025-10-01,P2,3
1506,53,2025-05-08,2025-05-18,P4,2
1507,57,2025-11-12,2025-12-02,P2,5
1508,37,2025-09-07,2025-09-11,P1,5
1509,91,2025-08-06,2025-08-20,P4,2
1510,96,2025-05-29,,P4,
1511,37,2025-09-13,2025-09-22,P2,4
1512,51,2025-09-28,2025-10-05,P1,4
1513,78,2026-01-04,2026-01-24,P1,5
1514,54,2025-12-11,2025-12-16,P3,4
1515,45,2025-05-16,2025-06-01,P4,4
1516,62,2026-04-09,2026-04-15,P2,5
1517,44,2025-09-24,2025-09-27,P4,5
1518,51,2025-07-26,2025-08-02,P1,3
1519,80,2025-08-15,2025-08-23,P4,5
1520,44,2026-01-02,2026-01-07,P4,2
1521,109,2025-11-09,2025-11-21,P1,4
1522,53,2025-10-31,,P3,
1523,10,2025-08-25,2025-08-28,P2,5
1524,81,2025-10-11,2025-10-20,P1,4
1525,92,2025-11-17,,P1,
1526,46,2026-02-17,2026-03-03,P1,4
1527,63,2025-08-01,2025-08-14,P3,4
1528,15,2025-04-26,2025-05-13,P4,2
1529,56,2025-01-24,2025-02-08,P3,3
1530,78,2025-05-27,2025-06-13,P2,5
1531,33,2025-07-05,2025-07-09,P1,5
1532,50,2026-03-23,2026-03-23,P2,5
1533,40,2025-02-25,2025-03-12,P3,5
1534,53,2025-02-24,,P1,
1535,5,2025-12-01,2025-12-04,P2,5
1536,73,2025-11-25,2025-11-27,P2,5
1537,104,2025-06-10,2025-06-26,P1,4
1538,87,2025-02-20,2025-02-24,P4,2
1539,63,2025-12-24,2025-12-27,P3,4
1540,25,2026-02-28,,P1,
1541,88,2025-08-19,2025-08-28,P3,4
1542,2,2026-04-13,,P2,
1543,4,2026-02-11,2026-02-28,P1,3
1544,52,2025-05-14,2025-05-17,P3,5
1545,72,2026-01-19,,P2,
1546,60,2025-08-04,2025-08-12,P3,5
1547,72,2025-08-20,2025-08-24,P2,5
1548,71,2026-03-26,2026-04-07,P4,3
1549,6,2025-01-07,,P1,
1550,86,2026-03-21,2026-03-24,P1,5
1551,1,2025-12-24,,P3,
1552,25,2025-08-22,2025-09-08,P4,5
1553,81,2025-03-24,2025-04-13,P2,3
1554,2,2025-08-21,,P1,
1555,98,2025-08-06,2025-08-24,P2,5
1556,91,2025-10-30,2025-11-13,P2,4
1557,15,2025-07-07,,P1,
1558,75,2025-10-15,2025-10-16,P2,5
1559,59,2026-01-11,2026-01-15,P3,3
1560,109,2026-02-25,2026-03-01,P3,4
1561,69,2026-01-29,2026-02-05,P4,3
1562,26,2025-10-14,2025-11-01,P4,4
1563,83,2025-12-02,2025-12-10,P1,4
1564,7,2025-11-09,2025-11-13,P2,5
1565,47,2025-07-05,2025-07-21,P2,4
1566,66,2025-11-29,2025-12-06,P1,5
1567,56,2025-02-11,,P3,
1568,72,2025-09-07,2025-09-18,P2,5
1569,76,2025-07-29,2025-07-31,P1,4
1570,102,2026-03-25,2026-04-13,P3,4
1571,81,2025-12-04,2025-12-09,P1,3
1572,36,2025-06-18,2025-06-26,P1,2
1573,72,2026-05-03,2026-05-22,P2,4
1574,66,2025-05-24,2025-06-03,P4,4
1575,35,2025-10-28,,P1,
1576,74,2026-03-21,2026-03-26,P4,4
1577,45,2026-01-12,2026-01-29,P4,5
1578,85,2025-04-05,2025-04-05,P1,4
1579,46,2025-08-22,,P4,
1580,37,2026-03-19,2026-03-25,P3,5
1581,58,2025-06-14,2025-06-18,P3,4
1582,45,2026-02-24,2026-03-07,P1,4
1583,90,2025-12-19,2026-01-05,P1,5
1584,1,2025-02-23,2025-03-05,P2,4
1585,100,2025-04-19,2025-05-01,P2,3
1586,38,2025-11-14,2025-12-04,P4,3
1587,87,2025-01-20,2025-01-20,P1,5
1588,74,2025-12-21,2025-12-22,P2,5
1589,40,2025-12-22,2025-12-30,P3,2
1590,104,2026-05-08,2026-05-23,P3,5
1591,69,2025-09-03,2025-09-18,P1,4
1592,88,2025-09-30,2025-10-06,P1,3
1593,80,2025-02-18,,P4,
1594,32,2025-05-17,2025-06-06,P1,4
1595,65,2025-01-08,2025-01-16,P2,3
1596,21,2025-04-10,2025-04-10,P4,5
1597,45,2025-08-22,2025-08-29,P4,5
1598,72,2026-02-01,2026-02-21,P4,5
1599,49,2025-06-26,2025-07-10,P2,4
1600,43,2025-09-18,2025-10-01,P3,5
1601,4,2026-01-07,2026-01-20,P4,3
1602,68,2025-03-27,2025-04-08,P4,5
1603,15,2025-04-25,,P2,
1604,44,2025-06-30,2025-07-08,P2,3
1605,31,2025-05-27,2025-06-10,P3,4
1606,82,2025-11-17,2025-12-03,P3,4
1607,105,2025-03-02,2025-03-11,P4,4
1608,28,2026-01-27,2026-02-02,P3,4
1609,84,2025-02-24,2025-02-26,P1,4
1610,26,2025-10-01,2025-10-21,P3,5
1611,42,2025-10-16,2025-10-24,P1,4
1612,86,2025-04-08,2025-04-15,P3,4
1613,10,2025-11-12,2025-12-01,P4,5
1614,93,2025-02-14,2025-02-16,P4,5
1615,57,2025-12-23,2026-01-06,P4,5
1616,7,2026-03-01,2026-03-09,P3,5
1617,78,2025-03-21,,P3,
1618,29,2025-12-17,2025-12-30,P3,3
1619,78,2025-04-16,2025-05-06,P2,4
1620,92,2025-09-16,,P1,
1621,90,2026-04-18,2026-05-04,P4,5
1622,40,2026-05-11,2026-05-21,P3,2
1623,25,2025-02-11,2025-03-02,P1,4
1624,89,2025-08-17,2025-09-04,P1,4
1625,42,2025-04-10,2025-04-12,P3,4
1626,41,2025-12-23,2026-01-07,P3,3
1627,44,2025-11-15,2025-11-26,P4,5
1628,55,2025-10-21,2025-10-31,P1,5
1629,82,2025-03-29,2025-04-11,P4,3
1630,67,2025-05-04,2025-05-18,P2,2
1631,45,2025-10-25,,P2,
1632,98,2026-01-16,2026-01-24,P2,5
1633,23,2026-02-20,2026-03-03,P2,2
1634,37,2025-06-27,2025-07-07,P1,2
1635,99,2025-07-16,2025-07-21,P2,4
1636,43,2025-02-22,2025-03-03,P4,4
1637,26,2025-03-10,2025-03-25,P1,3
1638,60,2025-05-12,2025-06-01,P1,1
1639,6,2026-05-08,,P4,
1640,50,2025-04-29,2025-05-08,P4,3
1641,1,2025-04-03,2025-04-23,P4,5
1642,27,2025-05-06,2025-05-17,P4,2
1643,82,2025-04-02,2025-04-20,P4,5
1644,5,2026-02-20,2026-02-25,P1,2
1645,35,2025-12-14,2026-01-03,P3,3
1646,110,2026-03-23,2026-03-26,P4,4
1647,65,2025-07-07,2025-07-08,P3,5
1648,69,2025-07-06,2025-07-11,P2,4
1649,106,2026-01-05,2026-01-12,P2,5
1650,22,2025-05-12,2025-05-13,P3,5
1651,103,2026-02-21,,P4,
1652,10,2026-05-08,2026-05-11,P1,4
1653,35,2025-07-07,2025-07-27,P4,4
1654,47,2026-03-09,2026-03-29,P4,3
1655,5,2026-01-21,2026-02-01,P2,5
1656,29,2025-06-21,2025-07-02,P3,4
1657,76,2025-10-12,2025-10-14,P3,3
1658,27,2025-11-10,2025-11-28,P4,3
1659,75,2025-10-14,,P3,
1660,92,2025-07-04,2025-07-19,P2,3
1661,68,2025-01-02,2025-01-16,P2,5
1662,52,2025-11-19,,P3,
1663,2,2025-06-05,2025-06-13,P1,5
1664,14,2025-08-21,,P4,
1665,87,2026-03-06,2026-03-18,P1,4
1666,83,2025-07-23,2025-08-02,P4,4
1667,102,2026-01-19,2026-01-23,P2,3
1668,6,2025-05-10,,P4,
1669,31,2025-12-20,2025-12-22,P4,5
1670,110,2025-10-16,2025-10-31,P2,2
1671,49,2026-01-24,2026-01-31,P1,2
1672,109,2025-06-04,2025-06-08,P2,5
1673,71,2025-07-23,2025-07-26,P2,3
1674,71,2025-07-30,2025-08-02,P2,5
1675,82,2025-05-28,2025-06-07,P2,3
1676,22,2025-05-28,,P2,
1677,89,2025-03-09,,P1,
1678,25,2025-03-08,2025-03-22,P2,4
1679,34,2025-12-06,2025-12-13,P4,4
1680,73,2025-02-19,2025-02-26,P3,5
1681,49,2025-03-01,2025-03-21,P2,5
1682,76,2025-05-24,2025-06-09,P4,5
1683,37,2025-01-29,2025-02-15,P4,5
1684,59,2025-10-24,2025-11-04,P3,2
1685,1,2025-10-10,,P4,
1686,6,2025-11-02,2025-11-03,P2,5
1687,49,2025-01-29,2025-02-02,P1,3
1688,93,2026-05-12,2026-05-22,P2,5
1689,54,2025-02-05,2025-02-20,P2,5
1690,55,2025-04-06,2025-04-24,P4,4
1691,91,2025-08-19,2025-09-02,P2,5
1692,89,2025-06-03,2025-06-09,P3,3
1693,56,2025-03-27,2025-04-15,P2,3
1694,68,2026-03-14,2026-03-21,P1,5
1695,26,2025-09-14,2025-09-24,P3,3
1696,77,2025-01-15,2025-01-27,P3,5
1697,105,2026-03-12,2026-03-13,P3,5
1698,39,2025-02-08,2025-02-13,P2,5
1699,76,2025-03-21,2025-03-29,P1,4
1700,67,2025-12-07,2025-12-27,P2,4
1701,90,2025-11-26,,P4,
1702,21,2025-12-22,2026-01-10,P4,3
1703,36,2025-02-27,2025-03-10,P2,5
1704,27,2026-01-02,2026-01-18,P3,4
1705,101,2025-11-16,2025-11-18,P1,5
1706,44,2025-05-05,2025-05-06,P3,5
1707,72,2025-09-04,2025-09-15,P2,2
1708,45,2026-02-19,2026-03-06,P2,3
1709,2,2025-01-03,,P4,
1710,9,2025-10-13,2025-10-26,P3,4
1711,51,2025-12-15,2025-12-29,P3,5
1712,22,2026-01-16,,P2,
1713,95,2025-07-07,2025-07-27,P4,4
1714,74,2025-03-11,2025-03-15,P1,5
1715,96,2025-03-30,2025-04-09,P3,5
1716,103,2026-02-15,2026-03-07,P1,3
1717,102,2025-02-26,2025-02-27,P3,5
1718,95,2025-07-30,2025-08-04,P2,5
1719,55,2025-12-04,2025-12-17,P1,5
1720,101,2025-11-28,2025-12-16,P3,5
1721,73,2025-07-25,2025-08-03,P4,3
1722,106,2025-05-17,2025-05-22,P3,5
1723,98,2025-04-12,,P3,
1724,35,2026-03-12,2026-03-19,P1,4
1725,38,2025-04-23,2025-05-02,P2,5
1726,62,2025-02-06,2025-02-17,P3,5
1727,25,2026-02-11,,P1,
1728,43,2025-12-13,2025-12-26,P1,5
1729,80,2026-04-13,2026-04-24,P1,5
1730,96,2025-04-06,2025-04-11,P4,3
1731,36,2025-10-28,2025-11-11,P1,4
1732,56,2025-08-13,2025-09-02,P3,4
1733,21,2025-09-17,2025-09-30,P1,5
1734,60,2025-12-04,2025-12-04,P1,2
1735,94,2025-02-05,,P3,
1736,108,2026-05-12,2026-05-21,P4,1
1737,78,2025-11-24,2025-12-03,P4,2
1738,40,2026-01-02,2026-01-20,P3,1
1739,75,2025-02-05,2025-02-06,P1,5
1740,57,2025-03-28,2025-04-03,P3,5
1741,73,2025-03-30,2025-03-30,P1,4
1742,92,2026-05-06,2026-05-19,P1,5
1743,17,2025-02-07,2025-02-08,P3,5
1744,88,2026-05-11,,P3,
1745,48,2026-02-07,2026-02-07,P4,4
1746,71,2025-06-12,2025-06-13,P4,1
1747,57,2026-05-10,2026-05-21,P3,3
1748,67,2025-04-27,2025-05-08,P1,4
1749,73,2025-06-29,2025-07-02,P4,3
1750,61,2025-01-27,,P2,
1751,70,2025-07-18,,P3,
1752,16,2025-03-02,2025-03-04,P4,4
1753,109,2025-02-19,2025-02-27,P2,4
1754,34,2025-02-27,2025-02-28,P4,4
1755,42,2025-01-06,2025-01-26,P4,5
1756,24,2026-04-30,2026-05-10,P1,2
1757,64,2025-04-13,2025-04-28,P1,3
1758,57,2025-03-16,2025-03-26,P3,4
1759,42,2026-02-21,2026-02-26,P4,1
1760,93,2026-02-10,2026-02-11,P2,4
1761,41,2026-01-28,2026-02-04,P1,4
1762,87,2025-01-08,2025-01-26,P2,4
1763,101,2025-02-08,2025-02-26,P3,5
1764,99,2025-01-31,2025-01-31,P1,4
1765,22,2026-03-04,2026-03-23,P2,5
1766,85,2025-12-25,2026-01-14,P3,4
1767,94,2025-02-09,2025-02-19,P3,5
1768,80,2025-03-18,2025-03-29,P3,3
1769,106,2025-01-23,2025-01-27,P2,3
1770,62,2025-05-05,2025-05-22,P4,4
1771,108,2025-08-12,2025-08-20,P1,5
1772,43,2025-02-05,2025-02-10,P4,5
1773,19,2026-02-24,2026-03-04,P4,5
1774,61,2025-09-12,2025-10-01,P4,5
1775,59,2025-09-17,,P1,
1776,66,2025-12-20,2025-12-24,P2,2
1777,82,2025-07-03,2025-07-05,P2,5
1778,25,2026-01-16,2026-01-19,P2,4
1779,8,2025-10-15,2025-10-20,P4,5
1780,11,2026-03-01,2026-03-13,P4,1
1781,106,2026-05-14,2026-05-18,P1,5
1782,87,2025-03-13,2025-03-25,P1,5
1783,88,2025-10-15,2025-10-28,P1,4
1784,12,2026-03-12,2026-03-12,P2,1
1785,80,2025-01-14,2025-02-01,P4,5
1786,51,2026-04-05,2026-04-20,P4,4
1787,30,2026-03-31,2026-04-06,P3,4
1788,6,2025-07-20,2025-08-01,P4,4
1789,55,2025-01-05,2025-01-15,P1,4
1790,84,2025-01-19,2025-01-29,P1,1
1791,71,2025-04-22,2025-04-23,P3,4
1792,7,2025-12-21,2026-01-08,P3,5
1793,48,2026-04-02,2026-04-15,P1,4
1794,75,2025-10-21,2025-10-30,P3,5
1795,28,2025-08-02,2025-08-04,P2,4
1796,77,2025-11-22,2025-12-10,P4,1
1797,12,2025-10-25,2025-10-28,P3,4
1798,79,2026-03-26,2026-04-12,P3,4
1799,79,2025-01-08,2025-01-15,P4,5
1800,57,2025-05-23,2025-06-10,P1,5
